Poll Date,Poll Time,Site,POS1,POS2,POS3,POS4,POS5,POS6,POS7,POS8,POS9,KC1,KC2,KC3,KC4,KC5,KC6,KC7,KC8,KC9
09/28/2021,05:58:11,00101,OK,OK,OK,OK,,,,,,,,OK,OK,OK,OK,OK,,,
09/28/2021,05:58:45,00102,OK,OK,OK,OK,,,,,,,,OK,OK,OK,OK,OK,,,
09/28/2021,05:58:10,00103,OK,OK,OK,OK,,,,,,,,OK,OK,OK,OK,OK,,,
09/28/2021,05:58:02,00105,OK,OK,OK,OK,,,,,,,,OK,OK,OK,OK,OK,,,
09/28/2021,05:58:00,00106,OK,OK,OK,OK,,,,,,,,OK,OK,OK,OK,OK,,,
09/28/2021,05:58:00,00107,OK,OK,OK,OK,,,,,,,,OK,OK,OK,OK,OK,,,
09/28/2021,05:58:31,00108,OK,OK,OK,OK,,OK,,OK,,OK,OK,,OK,OK,OK,OK,OK,,
09/28/2021,05:58:05,00110,OK,OK,OK,OK,,,,,,,,OK,OK,OK,OK,OK,,,
09/28/2021,05:58:07,00111,OK,OK,OK,OK,,,,,,,,OK,OK,OK,OK,OK,,,
09/28/2021,05:58:03,00112,OK,OK,OK,OK,,,,,,,,OK,OK,OK,OK,OK,,,
09/28/2021,05:58:04,00113,OK,OK,OK,OK,,,,,,,,,OK,OK,OK,OK,,,
09/28/2021,05:58:02,00114,OK,OK,OK,OK,,,,,,,,OK,OK,OK,OK,OK,,,
09/28/2021,05:59:07,00115,OK,OK,OK,OK,,OK,,,,OK,OK,,OK,OK,OK,OK,OK,,
09/28/2021,05:58:10,00118,OK,OK,OK,OK,,OK,,,,,,OK,OK,OK,OK,OK,,,
09/28/2021,05:58:26,00119,OK,OK,OK,OK,,*DOWN*,,,,OK,OK,,OK,OK,OK,OK,OK,,
09/28/2021,05:58:25,00120,OK,OK,OK,OK,,OK,,,,,,OK,OK,*DOWN*,OK,OK,,,
09/28/2021,05:58:08,00121,OK,OK,OK,OK,,,,,,,,OK,OK,OK,OK,OK,,,
09/28/2021,06:01:56,00122,OK,OK,OK,OK,,,,,,,,OK,OK,OK,OK,OK,,,
09/28/2021,06:02:39,00123,OK,OK,OK,OK,,,,,,,,OK,OK,OK,OK,OK,,,
09/28/2021,06:02:05,00124,OK,OK,OK,OK,,,,,,,,OK,OK,OK,OK,OK,,,
09/28/2021,06:03:12,00126,OK,OK,OK,OK,,,,,,,,,OK,OK,OK,OK,OK,,
09/28/2021,06:02:52,00127,OK,OK,OK,OK,,,,,,,,OK,OK,OK,OK,OK,,,
09/28/2021,06:03:07,00128,*DOWN*,OK,OK,OK,,,,,,,,*DOWN*,OK,OK,OK,OK,,,
09/28/2021,06:02:35,00129,OK,OK,OK,OK,,,,,,,,OK,OK,OK,OK,OK,,,
09/28/2021,06:02:42,00130,OK,OK,OK,OK,,OK,,,,,,OK,OK,OK,OK,OK,,,
09/28/2021,06:02:51,00131,OK,OK,OK,OK,,,,,,,,OK,OK,OK,OK,OK,,,
09/28/2021,05:58:45,00132,OK,OK,OK,OK,,OK,,,,,,OK,OK,OK,OK,OK,,,
09/28/2021,06:02:55,00133,OK,OK,OK,OK,,OK,,,,,,OK,OK,OK,OK,OK,,,
09/28/2021,05:58:15,00135,OK,OK,OK,OK,,,,,,,,OK,OK,OK,OK,OK,,,
09/28/2021,05:58:22,00136,OK,OK,OK,OK,,,,,,,,OK,OK,OK,OK,OK,,,
09/28/2021,05:58:22,00137,OK,OK,OK,OK,,,,,,,,OK,OK,OK,OK,OK,,,
09/28/2021,05:58:25,00139,OK,OK,*DOWN*,OK,,,,,,,,OK,OK,OK,OK,OK,,,
09/28/2021,05:58:22,00140,OK,OK,OK,OK,,OK,,,,,,OK,OK,OK,OK,OK,,,
09/28/2021,05:58:24,00141,OK,OK,OK,OK,,OK,,,,OK,OK,,OK,OK,OK,*DOWN*,OK,OK,
09/28/2021,05:58:27,00142,OK,OK,OK,OK,,OK,,,,OK,OK,OK,,,OK,OK,,,
09/28/2021,05:58:26,00143,OK,OK,OK,OK,,,,,,OK,OK,OK,,,OK,OK,,,
09/28/2021,05:58:12,00144,OK,OK,OK,OK,,OK,,,,,,OK,OK,OK,OK,OK,,,
09/28/2021,05:58:27,00145,OK,OK,OK,OK,,OK,,,,,,OK,OK,OK,OK,OK,,,
09/28/2021,05:58:22,00146,OK,OK,OK,OK,,OK,,,,OK,OK,OK,,,OK,OK,,,
09/28/2021,05:58:30,00147,OK,OK,OK,OK,,OK,,,,,,OK,OK,OK,OK,OK,,,
09/28/2021,05:58:25,00148,*DOWN*,OK,OK,OK,,OK,,,,,,OK,OK,OK,OK,OK,,,
09/28/2021,05:58:23,00149,OK,OK,OK,OK,,OK,,,,*DOWN*,OK,OK,,,OK,OK,,,
09/28/2021,06:07:38,00150,OK,OK,OK,OK,,OK,,,,OK,OK,OK,,,OK,OK,,,
09/28/2021,05:58:23,00151,OK,OK,OK,OK,,OK,,,,OK,OK,OK,,,OK,OK,,,
09/28/2021,05:58:09,00152,OK,OK,OK,OK,,OK,,,,,,OK,OK,OK,OK,OK,,,
09/28/2021,05:58:03,00153,OK,OK,OK,OK,,OK,,,,,,OK,OK,OK,OK,OK,,,
09/28/2021,05:58:24,00154,OK,OK,OK,OK,,OK,,,,,,OK,OK,OK,OK,OK,,,
09/28/2021,05:58:25,00155,OK,OK,OK,OK,,OK,,,,OK,OK,OK,,,OK,OK,,,
09/28/2021,05:58:25,00156,OK,OK,OK,OK,,OK,,,,,,OK,OK,OK,OK,OK,,,
09/28/2021,05:58:22,00157,OK,OK,OK,OK,,OK,,,,,,OK,OK,OK,OK,OK,,,
09/28/2021,05:58:23,00158,OK,OK,OK,OK,,OK,,,,OK,OK,OK,,,OK,OK,,,
09/28/2021,05:58:22,00160,OK,OK,OK,OK,,OK,,,,,,OK,OK,OK,OK,OK,,,
09/28/2021,05:58:25,00161,OK,OK,*DOWN*,OK,,OK,,,,OK,OK,,OK,OK,OK,OK,OK,,
09/28/2021,05:58:25,00162,OK,OK,OK,OK,,OK,,,,OK,OK,OK,,,OK,OK,,,
09/28/2021,05:58:26,00163,OK,OK,OK,OK,,OK,,,,,,OK,OK,OK,OK,OK,,,
09/28/2021,05:58:25,00164,OK,OK,OK,OK,,OK,,,,,,OK,OK,OK,OK,OK,,,
09/28/2021,06:03:07,00166,OK,OK,OK,OK,,,,,,,,,OK,OK,OK,OK,,,
09/28/2021,06:03:09,00167,OK,OK,OK,OK,,OK,,,,,,OK,OK,OK,OK,OK,,,
09/28/2021,06:03:30,00168,OK,OK,OK,OK,,,,,,OK,OK,OK,,,OK,OK,,,
09/28/2021,06:04:21,00170,OK,OK,OK,OK,,,,,,,,OK,OK,*DOWN*,OK,OK,,,
09/28/2021,06:04:20,00171,OK,OK,OK,OK,,,,,,OK,OK,OK,,,OK,OK,,,
09/28/2021,06:04:10,00172,OK,OK,OK,OK,,OK,,,,OK,OK,OK,,,OK,OK,,,
09/28/2021,06:03:03,00173,OK,OK,OK,OK,,,,,,,,OK,OK,OK,OK,OK,,,
09/28/2021,06:04:20,00174,OK,OK,OK,OK,,,,,,OK,OK,OK,,,OK,OK,,,
09/28/2021,06:04:19,00175,OK,OK,OK,OK,,,,,,OK,OK,OK,,,OK,OK,,,
09/28/2021,06:04:54,00176,OK,OK,OK,OK,,,,,,OK,OK,OK,,,OK,OK,,,
09/28/2021,06:05:32,00177,OK,OK,OK,OK,,,,,,OK,OK,OK,,,OK,OK,,,
09/28/2021,06:03:10,00178,OK,OK,OK,OK,,,,,,,,OK,OK,OK,OK,OK,,,
09/28/2021,06:04:21,00179,OK,OK,OK,OK,,,,,,OK,OK,OK,,,OK,OK,,,
09/28/2021,05:58:37,00180,OK,OK,OK,OK,,OK,,,,OK,OK,OK,,,OK,OK,,,
09/28/2021,06:04:24,00181,OK,OK,OK,OK,,,,,,OK,OK,OK,,,OK,OK,,,
09/28/2021,06:04:15,00182,OK,OK,OK,OK,,,,,,OK,OK,OK,,,OK,OK,,,
09/28/2021,06:05:35,00183,OK,OK,OK,OK,,,,,,OK,OK,OK,,,OK,OK,,,
09/28/2021,06:06:30,00184,OK,OK,OK,OK,,OK,,,,OK,OK,OK,,,OK,OK,,,
09/28/2021,06:03:27,00185,OK,OK,OK,OK,,,,,,,,OK,OK,OK,OK,*DOWN*,,,
09/28/2021,06:03:47,00186,OK,OK,OK,OK,,,,,,OK,OK,OK,,,OK,OK,,,
09/28/2021,06:04:26,00187,OK,OK,OK,OK,,OK,,,,OK,OK,OK,,,OK,OK,,,
09/28/2021,06:04:59,00189,OK,OK,OK,OK,,,,,,OK,OK,OK,,,OK,OK,,,
09/28/2021,06:04:05,00190,OK,OK,*DOWN*,OK,,*DOWN*,,,,,,,OK,OK,OK,OK,*UP*,,
09/28/2021,06:03:09,00191,OK,OK,OK,OK,,,,,,,,,OK,OK,OK,OK,,,
09/28/2021,06:04:13,00192,OK,OK,OK,OK,,OK,,,,,,OK,OK,OK,OK,OK,,,
09/28/2021,05:58:39,00193,OK,OK,OK,OK,,,,,,,,OK,OK,OK,OK,OK,,,
09/28/2021,06:03:12,00194,*DOWN*,OK,OK,OK,,OK,,,,,,,OK,OK,OK,OK,,,
09/28/2021,06:04:24,00195,OK,OK,OK,OK,,OK,,,,,,,OK,OK,OK,OK,,,
09/28/2021,06:03:23,00201,OK,OK,OK,OK,,,,,,,,OK,OK,OK,OK,OK,,,
09/28/2021,06:04:19,00202,OK,OK,OK,OK,OK,OK,,,,OK,OK,OK,,,OK,OK,,,
09/28/2021,06:04:18,00203,OK,OK,OK,OK,OK,OK,,OK,,OK,OK,OK,,,OK,OK,,,
09/28/2021,06:03:37,00204,OK,OK,OK,OK,,OK,,,,,,OK,OK,OK,OK,OK,,OK,
09/28/2021,06:05:32,00206,OK,OK,OK,OK,,,,,,OK,OK,OK,,,OK,OK,,,
09/28/2021,06:05:42,00207,OK,OK,OK,OK,,OK,,,,OK,OK,OK,,,OK,OK,,,
09/28/2021,06:05:30,00209,OK,OK,OK,OK,,,,,,OK,OK,OK,,,OK,OK,,,
09/28/2021,06:05:18,00210,OK,OK,OK,OK,,OK,,,,OK,OK,OK,,,OK,OK,,,
09/28/2021,06:05:27,00211,OK,OK,OK,OK,,,,,,OK,OK,OK,,,OK,OK,,,
09/28/2021,06:04:16,00212,OK,OK,OK,OK,,,,,,OK,OK,OK,,,OK,OK,,,
09/28/2021,06:03:25,00215,OK,OK,OK,OK,,OK,,,,,,OK,OK,OK,OK,OK,,,
09/28/2021,06:05:19,00219,OK,OK,OK,OK,,,,,,OK,OK,OK,,,OK,OK,,,
09/28/2021,06:04:15,00223,OK,OK,OK,OK,,,,,,,,OK,OK,OK,OK,OK,,,
09/28/2021,06:05:11,00226,OK,OK,OK,OK,,,,,,OK,OK,OK,,,OK,OK,,,
09/28/2021,05:59:05,00228,OK,OK,OK,OK,,OK,,,,OK,OK,OK,,,OK,OK,,,
09/28/2021,06:05:48,00229,OK,OK,OK,OK,,OK,,,,OK,OK,OK,,,OK,OK,,,
09/28/2021,06:04:19,00230,OK,OK,OK,OK,,,,,,OK,,OK,,,OK,OK,,,
09/28/2021,06:03:18,00231,OK,OK,OK,OK,,OK,,,,,,OK,OK,OK,OK,OK,,,
09/28/2021,06:04:17,00233,OK,OK,OK,OK,,,,,,OK,OK,OK,,,OK,OK,,,
09/28/2021,06:05:47,00234,OK,OK,OK,OK,,OK,,,,OK,OK,OK,,,OK,OK,,,
09/28/2021,06:04:26,00235,OK,OK,*DOWN*,OK,,OK,,,,OK,OK,,OK,OK,*DOWN*,OK,,OK,
09/28/2021,06:06:45,00238,OK,OK,OK,OK,,OK,,,,OK,OK,OK,,,OK,OK,,,
09/28/2021,06:03:09,00250,OK,OK,OK,OK,,OK,,OK,,OK,OK,,OK,OK,OK,OK,OK,OK,
09/28/2021,06:03:12,00252,OK,OK,OK,OK,,OK,,,,OK,OK,,OK,OK,OK,OK,OK,,
09/28/2021,06:04:13,00253,OK,OK,OK,OK,,OK,,,,OK,OK,OK,,,OK,OK,,,
09/28/2021,06:32:36,00254,OK,OK,OK,OK,,OK,,OK,,OK,OK,OK,,,OK,OK,,,
09/28/2021,06:04:13,00260,OK,OK,OK,OK,OK,,,,,OK,OK,OK,,,OK,OK,,,
09/28/2021,06:04:18,00261,OK,OK,OK,OK,,,,,,OK,OK,OK,,,OK,OK,,,
09/28/2021,06:04:10,00269,OK,OK,OK,OK,,,,,,OK,OK,OK,,,OK,OK,,,
09/28/2021,06:05:28,00270,OK,OK,OK,OK,,,,,,OK,*DOWN*,OK,,,OK,OK,,,
09/28/2021,06:01:25,00273,OK,OK,OK,OK,*DOWN*,OK,,OK,,,,OK,OK,OK,OK,OK,,OK,
09/28/2021,06:04:15,00275,OK,OK,OK,OK,,,,,,,,OK,OK,OK,OK,OK,,,
09/28/2021,06:04:20,00279,OK,OK,OK,OK,,OK,,,,OK,OK,OK,,,OK,OK,,,
09/28/2021,06:04:18,00280,OK,OK,OK,OK,,OK,,,,OK,OK,OK,,,OK,OK,,OK,
09/28/2021,06:05:40,00285,OK,OK,OK,OK,,,,,,OK,OK,OK,,,OK,OK,,OK,
09/28/2021,06:04:11,00288,OK,OK,OK,OK,,,,,,OK,OK,OK,,,OK,OK,,,
09/28/2021,05:58:37,00289,OK,OK,OK,OK,,OK,,,,OK,OK,,OK,OK,OK,OK,OK,,
09/28/2021,06:05:28,00292,OK,OK,OK,OK,,OK,,,,OK,OK,OK,,,OK,OK,,,
09/28/2021,06:04:19,00293,OK,OK,OK,OK,,OK,,,,OK,OK,OK,,,OK,OK,,,
09/28/2021,06:06:20,00295,OK,OK,OK,OK,,OK,,,,OK,OK,OK,,,OK,OK,,,
09/28/2021,06:04:17,00296,OK,OK,OK,OK,,OK,,OK,,OK,*DOWN*,,OK,OK,OK,OK,OK,OK,
09/28/2021,06:04:19,00299,OK,OK,OK,OK,,OK,,,,OK,OK,OK,,,OK,OK,,,
09/28/2021,06:06:15,00300,OK,OK,OK,OK,,OK,,,,*DOWN*,OK,OK,,,OK,OK,,,
09/28/2021,06:06:20,00301,OK,OK,OK,OK,,OK,,,,OK,OK,OK,,,OK,OK,,,
09/28/2021,06:08:22,00303,OK,OK,OK,OK,,OK,,OK,,OK,OK,,OK,OK,OK,OK,,OK,
09/28/2021,06:08:15,00304,OK,OK,OK,OK,,OK,,,,OK,OK,OK,,,OK,OK,,,
09/28/2021,05:58:41,00306,OK,OK,OK,OK,OK,OK,,,,OK,OK,OK,,,OK,OK,,OK,
09/28/2021,06:06:44,00307,OK,OK,OK,OK,,*DOWN*,,,,OK,OK,OK,,,OK,OK,,,
09/28/2021,06:07:37,00308,OK,OK,OK,OK,,OK,,,,OK,OK,OK,,,OK,OK,,,
09/28/2021,06:06:55,00309,OK,OK,OK,OK,,OK,,,,,,OK,OK,OK,OK,OK,,OK,
09/28/2021,06:06:32,00310,OK,OK,OK,OK,,,,,,OK,OK,OK,,,OK,OK,,,
09/28/2021,06:06:54,00311,OK,OK,OK,OK,,OK,,,,OK,OK,OK,,,OK,OK,,,
09/28/2021,06:06:25,00312,OK,OK,OK,OK,,OK,,,,OK,OK,OK,,,OK,OK,,,
09/28/2021,06:09:34,00313,OK,OK,OK,OK,,,,,,OK,OK,OK,,,OK,OK,,,
09/28/2021,06:07:29,00314,OK,OK,OK,OK,,OK,,,,,,OK,OK,OK,OK,OK,,,
09/28/2021,06:06:37,00315,OK,OK,OK,OK,,OK,,,,OK,OK,OK,,,OK,OK,,,
09/28/2021,05:58:22,00316,OK,OK,OK,OK,,,,,,OK,OK,OK,,,*DOWN*,OK,,,
09/28/2021,05:58:20,00317,OK,OK,OK,OK,,,,,,OK,OK,OK,,,OK,OK,,,
09/28/2021,06:06:50,00318,OK,OK,OK,OK,,OK,,,,,,OK,OK,OK,OK,OK,,*DOWN*,
09/28/2021,06:08:25,00319,OK,OK,OK,OK,,OK,,,,,,OK,OK,OK,OK,OK,,,
09/28/2021,06:06:54,00320,OK,OK,OK,*DOWN*,,OK,,,,OK,OK,OK,,,OK,OK,,,
09/28/2021,06:07:13,00321,OK,OK,OK,OK,,,,,,OK,OK,OK,,,OK,OK,,,
09/28/2021,06:08:16,00322,OK,OK,OK,OK,,,,,,,,OK,OK,OK,OK,OK,,*DOWN*,
09/28/2021,05:58:34,00323,OK,OK,OK,OK,,OK,,,,OK,OK,,OK,OK,OK,OK,OK,,
09/28/2021,06:14:36,00325,OK,OK,OK,OK,,OK,,,,,,OK,OK,OK,OK,OK,,,
09/28/2021,06:07:00,00326,*DOWN*,OK,OK,OK,OK,,,,,OK,OK,OK,,,OK,OK,,,
09/28/2021,06:06:58,00331,OK,OK,OK,OK,,,,,,OK,OK,OK,,,OK,OK,,,
09/28/2021,06:06:43,00333,OK,OK,OK,OK,,OK,,,,OK,OK,,OK,OK,OK,OK,OK,OK,
09/28/2021,06:08:16,00341,OK,OK,OK,OK,,OK,,,,OK,OK,OK,,,OK,OK,,,
09/28/2021,06:06:43,00342,OK,OK,OK,OK,,OK,,,,OK,OK,OK,,,OK,OK,,,
09/28/2021,06:07:04,00343,OK,OK,OK,OK,,,,,,OK,OK,OK,,,OK,OK,,,
09/28/2021,05:58:38,00345,OK,OK,OK,OK,OK,OK,,,,OK,OK,OK,,,OK,OK,,,
09/28/2021,06:07:05,00346,OK,OK,OK,OK,,OK,,,,OK,OK,OK,,,OK,OK,,,
09/28/2021,06:06:50,00347,OK,OK,OK,OK,,OK,,,,OK,OK,OK,,,OK,OK,,,
09/28/2021,06:08:23,00349,OK,OK,OK,OK,,OK,,,,OK,OK,OK,,,OK,OK,,,
09/28/2021,05:58:35,00353,OK,OK,OK,OK,,OK,,,,OK,OK,OK,,,OK,OK,,,
09/28/2021,06:07:46,00354,OK,OK,OK,OK,,,,,,OK,OK,OK,,,OK,OK,,,
09/28/2021,06:07:49,00356,OK,OK,OK,OK,,OK,,,,OK,OK,OK,,,OK,OK,,,
09/28/2021,06:07:48,00358,OK,OK,OK,OK,OK,OK,,OK,,OK,OK,OK,,,OK,OK,OK,OK,
09/28/2021,06:08:22,00359,OK,OK,OK,OK,,OK,,,,OK,OK,OK,,,OK,OK,,,
09/28/2021,06:08:26,00360,OK,OK,OK,OK,,OK,,,,,,OK,OK,OK,OK,OK,,OK,
09/28/2021,06:06:59,00361,OK,OK,OK,OK,,,,,,OK,OK,OK,,,OK,OK,,,
09/28/2021,05:58:37,00362,OK,OK,OK,OK,,OK,,,,OK,OK,OK,,,OK,OK,,,
09/28/2021,05:58:36,00364,OK,OK,OK,OK,,,,,,OK,OK,OK,,,OK,OK,,,
09/28/2021,06:07:19,00367,OK,OK,OK,OK,,OK,,,,OK,OK,OK,,,OK,OK,,,
09/28/2021,06:08:04,00368,OK,OK,OK,OK,,OK,,,,OK,OK,OK,,,OK,OK,,,
09/28/2021,06:07:38,00372,OK,OK,OK,OK,,OK,,,,OK,OK,OK,,,OK,OK,,,
09/28/2021,06:08:12,00376,OK,OK,OK,OK,,OK,,OK,,OK,OK,OK,,,OK,OK,,,
09/28/2021,06:07:48,00378,OK,OK,OK,OK,,OK,,,,OK,OK,OK,,,OK,OK,,,
09/28/2021,05:58:36,00382,OK,OK,OK,OK,,,,,,OK,OK,OK,,,OK,OK,,,
09/28/2021,06:07:46,00383,OK,OK,OK,OK,,OK,,OK,,OK,OK,OK,,,OK,OK,,,
09/28/2021,06:08:41,00386,OK,OK,OK,OK,,OK,,,,OK,OK,OK,,,OK,OK,,,
09/28/2021,06:09:21,00387,OK,OK,OK,OK,,OK,,,,OK,OK,OK,,,OK,OK,,,
09/28/2021,05:58:37,00388,OK,OK,OK,OK,,OK,,,,OK,OK,OK,,,OK,OK,,,
09/28/2021,05:58:42,00389,OK,OK,OK,OK,,OK,,,,OK,OK,OK,,,OK,OK,,,
09/28/2021,06:08:39,00390,OK,OK,OK,OK,,OK,,,,OK,OK,OK,,,OK,OK,OK,,
09/28/2021,06:08:38,00393,OK,OK,OK,OK,,,,,,OK,OK,OK,,,OK,OK,,,
09/28/2021,06:09:22,00394,OK,OK,OK,OK,,OK,,,,OK,OK,OK,,,OK,OK,,,
09/28/2021,06:08:59,00395,OK,OK,OK,OK,,OK,,,,OK,OK,OK,,,OK,OK,,,
09/28/2021,06:09:15,00396,OK,OK,OK,OK,,OK,,,,OK,OK,OK,,,OK,OK,,,
09/28/2021,06:08:37,00398,OK,OK,OK,OK,,,,,,OK,OK,OK,,,OK,OK,,,
09/28/2021,06:08:49,00400,OK,OK,OK,OK,OK,OK,,,,OK,OK,OK,,,OK,OK,,OK,
09/28/2021,06:09:14,00401,OK,OK,OK,OK,,OK,,,,OK,OK,OK,,,OK,OK,,,
09/28/2021,06:09:14,00402,OK,OK,OK,OK,,OK,,,,OK,OK,OK,,,OK,OK,,,
09/28/2021,06:08:41,00403,OK,OK,OK,OK,,OK,,,,OK,OK,OK,,,OK,OK,,,
09/28/2021,05:58:40,00404,OK,OK,OK,OK,,*DOWN*,,,,OK,OK,,OK,OK,OK,OK,OK,*DOWN*,
09/28/2021,06:08:59,00405,*DOWN*,OK,OK,OK,,,,,,OK,OK,OK,,,OK,OK,,,
09/28/2021,06:09:11,00409,OK,OK,OK,OK,,OK,,,,OK,OK,OK,,,OK,OK,,,
09/28/2021,06:08:53,00410,OK,OK,OK,OK,,*DOWN*,,,,,,OK,OK,OK,OK,OK,,,
09/28/2021,06:09:12,00413,OK,OK,OK,OK,,OK,,,,OK,OK,OK,,,OK,OK,,,
09/28/2021,06:09:17,00414,OK,OK,OK,OK,,OK,,,,OK,OK,OK,,,OK,OK,,,
09/28/2021,05:58:06,00415,OK,OK,OK,OK,,OK,,OK,,OK,OK,OK,,,OK,OK,,,
09/28/2021,06:04:08,00417,OK,OK,OK,OK,,OK,,,,OK,OK,OK,,,OK,OK,,,
09/28/2021,06:09:09,00418,OK,OK,OK,OK,,OK,,,,OK,OK,OK,,,OK,OK,,,
09/28/2021,06:09:12,00419,OK,OK,OK,OK,,OK,,,,OK,OK,OK,,,OK,OK,,,
09/28/2021,05:58:37,00421,OK,OK,OK,OK,,,,,,OK,OK,OK,,,OK,OK,,,
09/28/2021,06:09:10,00422,OK,OK,OK,OK,,OK,,,,OK,OK,OK,,,OK,OK,,,
09/28/2021,06:08:45,00423,OK,OK,OK,OK,,OK,,,,,,OK,OK,OK,OK,OK,,,
09/28/2021,06:09:13,00424,OK,OK,OK,OK,,OK,,,,OK,OK,OK,,,OK,OK,,,
09/28/2021,06:08:50,00425,OK,OK,OK,OK,,OK,,,,OK,*DOWN*,OK,,,OK,OK,,,
09/28/2021,06:09:13,00427,OK,OK,OK,OK,,,,,,OK,OK,OK,,,OK,OK,,,
09/28/2021,06:09:12,00429,OK,OK,OK,OK,,OK,,,,OK,OK,OK,,,OK,OK,,,
09/28/2021,06:09:20,00430,OK,OK,OK,OK,,OK,,,,OK,OK,OK,,,OK,OK,,,
09/28/2021,05:58:36,00431,OK,OK,OK,OK,,,,,,OK,OK,OK,,,OK,OK,,,
09/28/2021,06:09:10,00432,OK,OK,OK,OK,,,,,,OK,OK,OK,,,OK,OK,,,
09/28/2021,05:58:35,00433,OK,OK,OK,OK,,,,,,OK,OK,OK,,,OK,OK,,,
09/28/2021,06:09:14,00437,OK,OK,OK,OK,,OK,,,,OK,OK,OK,,,OK,OK,,,
09/28/2021,06:09:09,00438,OK,OK,OK,OK,OK,OK,,,,,,OK,OK,OK,OK,OK,,,
09/28/2021,05:58:39,00439,OK,OK,OK,OK,,OK,,,,,,OK,OK,OK,OK,OK,,,
09/28/2021,06:09:13,00440,OK,OK,OK,OK,,,,,,OK,OK,OK,,,OK,OK,,,
09/28/2021,06:08:56,00441,OK,OK,OK,OK,,OK,,,,OK,OK,OK,,,OK,OK,,,
09/28/2021,06:09:13,00442,OK,OK,OK,OK,,OK,,,,,,OK,OK,OK,OK,OK,,,
09/28/2021,06:09:15,00444,OK,OK,OK,OK,,OK,,,,,,OK,OK,OK,OK,OK,,,
09/28/2021,06:09:13,00445,OK,OK,OK,OK,,,,,,OK,OK,OK,,,OK,OK,,,
09/28/2021,06:09:11,00446,OK,OK,OK,OK,,*DOWN*,,,,OK,OK,OK,,,OK,OK,,,
09/28/2021,06:09:22,00447,OK,OK,OK,OK,,OK,,,,OK,OK,OK,,,OK,OK,,,
09/28/2021,06:09:17,00449,OK,OK,OK,OK,,,,,,OK,OK,OK,,,OK,OK,,,
09/28/2021,06:09:14,00450,OK,OK,OK,OK,,OK,,,,OK,OK,OK,,,OK,OK,,,
09/28/2021,06:09:13,00451,OK,OK,OK,OK,,,,,,OK,OK,OK,,,OK,OK,,,
09/28/2021,06:09:14,00454,OK,OK,OK,OK,OK,OK,,,,OK,OK,OK,,,OK,OK,,OK,
09/28/2021,06:11:32,00456,OK,OK,OK,OK,,,,,,OK,OK,OK,,,OK,OK,,,
09/28/2021,06:09:19,00457,OK,OK,OK,OK,,OK,,,,OK,OK,OK,,,OK,OK,,,
09/28/2021,06:11:25,00460,OK,OK,OK,OK,,,,,,OK,OK,OK,,,OK,OK,,,
09/28/2021,06:09:13,00461,OK,OK,OK,OK,,,,,,OK,OK,OK,,,OK,OK,,,
09/28/2021,06:33:31,00462,OK,OK,OK,OK,,OK,,,,OK,OK,OK,,,OK,OK,,,
09/28/2021,05:58:39,00464,OK,OK,OK,OK,OK,OK,,,,OK,OK,OK,,,OK,OK,,,
09/28/2021,05:58:35,00466,OK,OK,OK,OK,,,,,,OK,OK,OK,,,OK,OK,,,
09/28/2021,06:04:07,00467,OK,OK,OK,OK,OK,OK,,,,OK,OK,OK,,,OK,OK,,,
09/28/2021,06:09:33,00468,OK,OK,OK,OK,OK,,,,,OK,OK,OK,,,OK,OK,,OK,
09/28/2021,06:09:15,00469,OK,OK,OK,OK,,,,,,OK,OK,OK,,,OK,OK,,,
09/28/2021,06:10:43,00471,OK,OK,OK,OK,,OK,,,,,,OK,OK,OK,OK,OK,,*DOWN*,
09/28/2021,06:09:14,00472,OK,OK,OK,OK,,OK,,,,OK,OK,OK,,,OK,OK,,,
09/28/2021,06:11:26,00473,*DOWN*,OK,OK,OK,,OK,,OK,,OK,OK,OK,,,OK,OK,,,
09/28/2021,06:10:56,00474,OK,OK,OK,OK,,OK,,,,OK,OK,,OK,OK,OK,OK,OK,,
09/28/2021,06:10:39,00475,OK,OK,OK,OK,,OK,,,,OK,OK,OK,,,OK,OK,,,
09/28/2021,06:09:54,00476,OK,OK,OK,OK,,OK,,OK,,,,OK,OK,OK,OK,OK,,,
09/28/2021,06:10:58,00478,OK,OK,OK,OK,,OK,,,,OK,OK,OK,,,OK,OK,,,
09/28/2021,06:11:43,00480,OK,OK,OK,OK,,,,,,OK,OK,OK,,,OK,OK,,,
09/28/2021,05:58:36,00481,OK,OK,OK,OK,,,,,,OK,*DOWN*,OK,,,OK,OK,,,
09/28/2021,05:58:02,00483,OK,OK,OK,OK,,,,,,OK,OK,OK,,,OK,OK,,,
09/28/2021,06:10:27,00484,OK,OK,OK,OK,,OK,,,,OK,OK,OK,,,OK,OK,,,
09/28/2021,06:10:27,00485,OK,OK,OK,OK,,OK,,,,OK,OK,OK,,,OK,OK,,,
09/28/2021,06:10:37,00486,OK,OK,OK,OK,,OK,,,,OK,OK,OK,,,OK,OK,,OK,
09/28/2021,06:09:56,00487,OK,OK,OK,OK,,OK,,,,OK,OK,OK,,,OK,OK,,,
09/28/2021,05:58:37,00488,OK,OK,OK,OK,,OK,,,,OK,OK,OK,,,OK,OK,,,
09/28/2021,06:09:49,00490,OK,OK,OK,OK,,OK,,OK,,OK,OK,OK,,,OK,OK,,OK,
09/28/2021,06:11:21,00494,OK,OK,OK,OK,,OK,,,,,,OK,OK,OK,OK,OK,,,
09/28/2021,06:10:19,00495,OK,OK,OK,OK,,OK,,,,OK,OK,OK,,,OK,OK,,,
09/28/2021,06:10:25,00497,OK,OK,OK,OK,,,,,,OK,OK,OK,,,OK,OK,,,
09/28/2021,06:10:37,00498,OK,OK,OK,OK,,,,,,OK,OK,OK,,,OK,OK,,,
09/28/2021,06:10:02,00500,OK,OK,OK,OK,,OK,,OK,,OK,OK,OK,,,OK,OK,,OK,
09/28/2021,06:10:48,00501,OK,OK,OK,OK,,OK,,OK,,OK,OK,OK,,,OK,OK,,OK,
09/28/2021,06:10:35,00505,OK,OK,OK,OK,OK,OK,,,,OK,OK,OK,,,OK,OK,,,
09/28/2021,06:11:09,00506,OK,OK,OK,OK,,OK,,,,OK,OK,OK,,,OK,OK,,OK,
09/28/2021,06:32:44,00507,OK,OK,OK,OK,,OK,,,,OK,OK,OK,,,OK,OK,,,
09/28/2021,06:10:36,00508,OK,OK,OK,OK,,OK,,,,OK,OK,OK,,,OK,OK,,,
09/28/2021,06:10:27,00510,OK,OK,OK,OK,,OK,,,,OK,OK,,OK,OK,OK,OK,OK,OK,
09/28/2021,06:09:56,00511,OK,OK,OK,OK,OK,OK,,,,OK,OK,OK,,,OK,OK,,OK,
09/28/2021,06:09:48,00512,OK,OK,OK,OK,,OK,,,,OK,OK,OK,,,OK,OK,,,
09/28/2021,06:10:53,00513,OK,OK,OK,OK,,OK,,,,OK,OK,OK,,,OK,OK,,,
09/28/2021,06:11:20,00515,OK,OK,OK,OK,,OK,,,,OK,OK,OK,,,OK,OK,,,
09/28/2021,06:10:00,00516,OK,OK,OK,OK,,OK,,,,OK,OK,OK,,,OK,OK,,,
09/28/2021,06:09:17,00519,OK,OK,OK,OK,,OK,,,,OK,OK,OK,,,OK,OK,,,
09/28/2021,06:10:19,00521,OK,OK,OK,OK,,,,,,OK,OK,OK,,,OK,OK,,,
09/28/2021,06:09:19,00522,OK,OK,OK,OK,,OK,,,,OK,OK,OK,,,OK,OK,,,
09/28/2021,06:10:36,00524,OK,OK,OK,OK,,,,,,OK,OK,OK,,,OK,OK,,,
09/28/2021,06:11:29,00526,OK,OK,OK,OK,,OK,,OK,,OK,OK,OK,,,OK,OK,,OK,
09/28/2021,06:11:46,00527,OK,OK,OK,OK,,OK,,,,OK,OK,OK,,,OK,OK,,OK,
09/28/2021,06:11:41,00530,OK,OK,OK,OK,,OK,,,,OK,OK,OK,,,OK,OK,,OK,
09/28/2021,06:14:05,00533,OK,OK,OK,OK,,OK,,OK,,OK,OK,OK,,,OK,OK,,,
09/28/2021,06:12:59,00534,OK,OK,OK,OK,,OK,,,,OK,OK,OK,,,OK,OK,,,
09/28/2021,06:11:55,00536,OK,OK,OK,OK,,,,,,OK,OK,OK,,,OK,OK,,,
09/28/2021,06:11:56,00537,OK,OK,OK,OK,,,,,,,,OK,OK,OK,OK,OK,,,
09/28/2021,06:11:54,00538,OK,OK,OK,OK,,OK,,,,,,OK,OK,OK,OK,OK,,,
09/28/2021,06:12:10,00539,OK,OK,OK,OK,,OK,,,,,,OK,OK,OK,OK,OK,,,
09/28/2021,06:11:57,00540,OK,OK,OK,OK,,OK,,,,,,OK,OK,OK,OK,OK,,,
09/28/2021,06:11:52,00541,OK,OK,OK,OK,,OK,,,,OK,OK,OK,,,OK,OK,,,
09/28/2021,05:58:35,00542,OK,OK,OK,OK,,OK,,,,,,OK,OK,OK,OK,OK,,,
09/28/2021,06:11:44,00543,OK,OK,OK,OK,,OK,,,,OK,OK,OK,,,OK,OK,,,
09/28/2021,06:13:20,00544,OK,OK,OK,OK,,OK,,,,,,OK,OK,OK,OK,OK,,,
09/28/2021,06:13:12,00545,OK,OK,OK,OK,,OK,,,,OK,OK,OK,,,OK,OK,,,
09/28/2021,06:12:17,00546,OK,OK,OK,OK,,OK,,,,,,OK,OK,OK,OK,OK,,,
09/28/2021,06:12:16,00551,OK,OK,OK,OK,,OK,,,,OK,OK,OK,,,OK,OK,,,
09/28/2021,06:12:44,00552,OK,OK,OK,OK,,OK,,,,OK,OK,OK,,,OK,OK,,,
09/28/2021,06:12:09,00554,OK,OK,OK,OK,,,,,,OK,OK,OK,,,OK,OK,,,
09/28/2021,05:58:00,00555,OK,OK,OK,OK,,OK,,,,OK,OK,OK,,,OK,OK,,,
09/28/2021,06:13:40,00557,OK,OK,OK,OK,,OK,,,,,,OK,OK,OK,OK,OK,,,
09/28/2021,06:13:36,00559,OK,OK,OK,OK,,,,,,OK,OK,OK,,,OK,OK,,,
09/28/2021,06:12:27,00561,OK,OK,OK,OK,,OK,,,,OK,OK,OK,,,OK,OK,,,
09/28/2021,06:13:43,00562,OK,OK,OK,OK,,,,,,OK,OK,OK,,,OK,OK,,,
09/28/2021,06:12:02,00563,*DOWN*,OK,OK,OK,,,,,,OK,*DOWN*,OK,,,OK,OK,,,
09/28/2021,06:14:09,00564,OK,OK,OK,OK,,*DOWN*,,,,OK,OK,OK,,,OK,OK,,,
09/28/2021,06:13:52,00565,OK,OK,OK,OK,,OK,,,,OK,OK,OK,,,OK,OK,,,
09/28/2021,06:32:44,00566,OK,OK,OK,OK,,,,,,OK,OK,,OK,OK,OK,OK,OK,,
09/28/2021,06:13:38,00568,OK,OK,OK,OK,,OK,,,,OK,OK,OK,,,OK,OK,,,
09/28/2021,06:12:26,00569,OK,OK,OK,OK,,OK,,,,,,OK,OK,OK,OK,OK,,,
09/28/2021,06:12:24,00570,OK,OK,OK,OK,,OK,,,,OK,OK,OK,,,OK,OK,,,
09/28/2021,06:12:42,00571,OK,OK,OK,OK,,OK,,,,,,OK,OK,OK,OK,OK,,,
09/28/2021,06:13:59,00574,OK,OK,OK,OK,,,,,,OK,OK,OK,,,OK,OK,,,
09/28/2021,06:13:43,00575,OK,OK,OK,OK,,OK,,,,OK,OK,OK,,,OK,OK,,,
09/28/2021,06:12:33,00576,OK,OK,*DOWN*,OK,,OK,,,,OK,OK,OK,,,OK,OK,,,
09/28/2021,06:13:14,00577,OK,OK,OK,OK,,OK,,,,*DOWN*,OK,OK,,,OK,OK,,,
09/28/2021,06:13:24,00579,OK,OK,OK,OK,,,,,,OK,OK,OK,,,OK,OK,,,
09/28/2021,06:12:27,00580,OK,OK,OK,OK,,OK,,,,OK,OK,OK,,,OK,OK,,,
09/28/2021,06:12:24,00581,OK,OK,OK,OK,,,,,,OK,OK,OK,,,OK,OK,,,
09/28/2021,06:12:34,00582,OK,OK,OK,OK,,,,,,OK,OK,OK,,,OK,OK,,,
09/28/2021,06:13:20,00583,OK,OK,OK,OK,,,,,,OK,OK,OK,,,OK,OK,,,
09/28/2021,06:12:49,00584,OK,OK,OK,OK,,,,,,OK,OK,OK,,,OK,OK,,,
09/28/2021,06:12:54,00585,OK,OK,OK,OK,,OK,,,,OK,OK,OK,,,OK,OK,,,
09/28/2021,06:13:19,00586,OK,OK,OK,OK,,OK,,,,OK,OK,OK,,,OK,OK,,,
09/28/2021,06:13:10,00587,OK,OK,OK,OK,,,,,,OK,OK,OK,,,OK,OK,,,
09/28/2021,05:58:12,00588,OK,OK,OK,OK,,,,,,OK,OK,OK,,,OK,OK,,,
09/28/2021,05:58:23,00589,OK,OK,OK,OK,,,,,,,,OK,OK,OK,OK,OK,,,
09/28/2021,06:13:57,00590,OK,OK,OK,OK,,,,,,OK,OK,OK,,,OK,OK,,,
09/28/2021,06:13:08,00593,OK,OK,OK,OK,,,,,,OK,OK,OK,,,OK,OK,,,
09/28/2021,06:13:46,00596,OK,OK,OK,OK,,OK,,,,OK,OK,OK,,,OK,OK,,,
09/28/2021,06:13:51,00597,OK,OK,OK,OK,,OK,,,,,,OK,OK,OK,OK,OK,,,
09/28/2021,06:13:55,00598,OK,OK,OK,OK,,,,,,OK,OK,OK,,,OK,OK,,,
09/28/2021,06:14:19,00602,OK,OK,OK,OK,,OK,,OK,,OK,OK,,OK,OK,OK,OK,OK,OK,
09/28/2021,06:14:37,00612,OK,OK,OK,OK,,,,,,OK,OK,OK,,,OK,OK,,,
09/28/2021,06:13:56,00613,OK,OK,OK,OK,,OK,,,,OK,OK,OK,,,OK,OK,,,
09/28/2021,06:14:45,00614,OK,OK,OK,OK,,OK,,,,OK,OK,OK,,,OK,OK,,,
09/28/2021,05:58:14,00615,OK,OK,OK,OK,OK,OK,,,,OK,OK,OK,,,OK,OK,,OK,
09/28/2021,06:13:49,00616,OK,OK,OK,OK,,,,,,OK,OK,OK,,,OK,OK,,,
09/28/2021,06:14:05,00617,OK,OK,OK,OK,,OK,,,,OK,OK,OK,,,OK,OK,,,
09/28/2021,06:14:21,00618,OK,OK,OK,OK,,OK,,,,,,OK,OK,OK,OK,OK,,,
09/28/2021,06:14:33,00619,OK,OK,OK,OK,,OK,,,,OK,OK,OK,,,OK,OK,,,
09/28/2021,06:13:49,00620,OK,OK,OK,OK,,,,,,,,OK,OK,OK,OK,OK,,*UP*,
09/28/2021,06:04:05,00622,OK,OK,OK,OK,,,,,,OK,OK,OK,,,OK,OK,,,
09/28/2021,06:14:21,00624,OK,OK,OK,OK,,OK,,,,OK,OK,OK,,,OK,OK,,,
09/28/2021,06:15:00,00627,OK,OK,OK,OK,,,,,,OK,OK,OK,,,OK,OK,,,
09/28/2021,06:14:05,00628,OK,OK,OK,OK,,OK,,,,OK,OK,OK,,,OK,OK,,,
09/28/2021,06:13:54,00629,OK,OK,OK,OK,,,,,,OK,OK,OK,,,OK,OK,,,
09/28/2021,06:14:01,00632,OK,OK,OK,OK,,,,,,OK,OK,OK,,,OK,OK,,,
09/28/2021,06:13:59,00634,*DOWN*,OK,OK,OK,,OK,,,,OK,OK,OK,,,OK,OK,,,
09/28/2021,06:13:53,00635,OK,OK,OK,OK,,OK,,,,OK,OK,OK,,,OK,OK,,,
09/28/2021,06:13:55,00637,OK,OK,OK,OK,,OK,,,,OK,OK,OK,,,OK,OK,,,
09/28/2021,06:14:48,00638,OK,OK,OK,OK,,OK,,,,OK,OK,OK,,,OK,OK,,,
09/28/2021,06:14:33,00639,OK,OK,OK,OK,,OK,,,,OK,OK,OK,,,OK,OK,,,
09/28/2021,06:15:56,00640,OK,OK,OK,OK,,OK,,,,OK,OK,OK,,,OK,OK,,,
09/28/2021,06:14:14,00641,OK,OK,OK,OK,,OK,,,,OK,OK,OK,,,OK,OK,,,
09/28/2021,06:13:34,00642,OK,OK,OK,OK,,,,,,OK,OK,OK,,,OK,OK,,,
09/28/2021,06:13:56,00643,OK,OK,OK,OK,,OK,,,,OK,OK,OK,,,OK,OK,,,
09/28/2021,06:13:57,00644,*DOWN*,OK,OK,*DOWN*,,OK,,,,OK,OK,*DOWN*,,,OK,OK,,,
09/28/2021,06:13:51,00645,OK,OK,OK,OK,,OK,,,,OK,OK,OK,,,OK,OK,,,
09/28/2021,06:13:52,00646,OK,OK,OK,OK,,,,,,OK,OK,OK,,,OK,OK,,,
09/28/2021,06:13:56,00647,OK,OK,OK,OK,,,,,,OK,*DOWN*,OK,,,OK,OK,,,
09/28/2021,06:14:20,00648,OK,OK,OK,OK,,,,,,OK,OK,OK,,,OK,OK,,,
09/28/2021,06:13:52,00649,OK,OK,OK,OK,,OK,,,,OK,OK,OK,,,OK,OK,,,
09/28/2021,06:13:53,00651,OK,OK,OK,OK,OK,OK,,,,OK,OK,OK,,,OK,OK,,,
09/28/2021,06:13:58,00652,OK,OK,OK,OK,,,,,,OK,OK,OK,,,OK,OK,,,
09/28/2021,05:58:31,00653,OK,OK,OK,OK,,,,,,,,OK,OK,OK,OK,OK,,,
09/28/2021,06:13:57,00654,OK,OK,OK,OK,OK,,,,,,,OK,OK,OK,OK,OK,,OK,
09/28/2021,06:13:56,00655,OK,OK,OK,OK,,,,,,,,OK,OK,OK,OK,OK,,,
09/28/2021,06:13:56,00656,OK,OK,OK,OK,,,,,,,,OK,OK,OK,OK,OK,,,
09/28/2021,06:13:56,00657,OK,OK,OK,OK,,OK,,OK,,OK,OK,,OK,OK,OK,OK,OK,,
09/28/2021,06:13:46,00660,OK,OK,OK,OK,,,,,,OK,OK,OK,,,OK,OK,,,
09/28/2021,06:15:06,00661,OK,OK,OK,OK,OK,,,,,OK,OK,OK,,,OK,OK,,,
09/28/2021,06:15:40,00662,OK,OK,OK,OK,,,,,,OK,OK,OK,,,OK,OK,,,
09/28/2021,06:14:47,00665,OK,OK,OK,OK,,,,,,OK,OK,OK,,,OK,OK,,,
09/28/2021,05:58:41,00666,*DOWN*,OK,OK,OK,,,,,,OK,OK,OK,,,OK,OK,,,
09/28/2021,06:14:48,00667,OK,OK,OK,OK,,OK,,,,OK,OK,OK,,,OK,OK,,,
09/28/2021,06:15:35,00668,OK,OK,OK,OK,,OK,,OK,,OK,OK,OK,,,OK,OK,OK,,
09/28/2021,06:16:49,00669,OK,OK,OK,OK,,,,,,OK,OK,OK,,,OK,OK,,,
09/28/2021,05:58:32,00671,OK,OK,OK,OK,,,,,,OK,OK,OK,,,OK,OK,,,
09/28/2021,06:15:16,00676,OK,OK,OK,OK,,,,,,,,OK,OK,OK,OK,OK,,,
09/28/2021,06:15:17,00677,OK,OK,OK,OK,,OK,,,,OK,OK,,OK,OK,OK,OK,OK,,
09/28/2021,06:04:11,00678,OK,OK,OK,*DOWN*,,,,,,,,OK,OK,OK,OK,OK,,,
09/28/2021,06:14:58,00679,OK,OK,OK,OK,,,,,,,,OK,OK,OK,OK,OK,,,
09/28/2021,06:15:22,00680,OK,OK,OK,OK,,,,,,OK,OK,OK,,,OK,OK,,,
09/28/2021,06:15:16,00681,*DOWN*,OK,OK,OK,,,,,,OK,OK,OK,,,OK,OK,,,
09/28/2021,05:58:57,00682,OK,OK,OK,OK,,,,,,OK,OK,OK,,,OK,OK,,,
09/28/2021,06:15:30,00683,OK,OK,OK,OK,,OK,,,,OK,OK,OK,,,OK,OK,,,
09/28/2021,06:15:01,00685,OK,OK,OK,OK,,OK,,,,OK,OK,OK,,,OK,OK,,,
09/28/2021,06:15:31,00686,OK,OK,OK,OK,,,,,,OK,OK,OK,,,OK,OK,,,
09/28/2021,06:16:50,00687,OK,OK,OK,OK,,,,,,OK,OK,OK,,,OK,OK,,,
09/28/2021,06:15:09,00688,OK,OK,OK,OK,,,,,,OK,OK,OK,,,OK,OK,,,
09/28/2021,05:58:31,00689,OK,OK,OK,OK,,OK,,,,,,OK,OK,OK,OK,OK,,,
09/28/2021,06:15:31,00690,OK,OK,OK,OK,,OK,,,,OK,OK,OK,,,OK,OK,,,
09/28/2021,05:58:26,00692,OK,OK,OK,OK,,OK,,,,OK,OK,,OK,OK,OK,OK,OK,,
09/28/2021,05:58:26,00693,OK,OK,OK,OK,,OK,,,,OK,OK,,OK,OK,OK,OK,OK,,
09/28/2021,06:01:49,00701,OK,OK,OK,OK,,OK,,OK,,,,OK,OK,OK,OK,OK,,,
09/28/2021,06:15:49,00702,OK,OK,OK,OK,,,,,,OK,OK,OK,,,OK,OK,,,
09/28/2021,06:19:58,00703,OK,OK,OK,OK,,OK,,,,,,OK,OK,OK,OK,OK,,,
09/28/2021,06:16:08,00704,OK,OK,OK,OK,,*DOWN*,,,,OK,OK,OK,,,OK,OK,,,
09/28/2021,06:01:57,00705,OK,OK,OK,OK,,,,,,,,OK,OK,OK,OK,OK,,,
09/28/2021,06:15:50,00706,OK,OK,OK,OK,,,,,,OK,OK,OK,,,OK,OK,,,
09/28/2021,05:58:39,00708,OK,OK,OK,OK,,OK,,,,OK,OK,OK,,,OK,OK,,,
09/28/2021,06:15:52,00709,OK,OK,OK,OK,,OK,,,,OK,OK,OK,,,OK,OK,,,
09/28/2021,06:15:43,00710,OK,OK,OK,OK,,OK,,OK,,OK,OK,,OK,OK,OK,OK,,,
09/28/2021,06:02:01,00712,*DOWN*,OK,OK,OK,,OK,,,,,,OK,OK,OK,OK,OK,,,
09/28/2021,06:16:04,00713,OK,OK,OK,OK,,,,,,OK,*DOWN*,OK,,,OK,OK,,,
09/28/2021,06:16:22,00714,*DOWN*,OK,OK,OK,,,,,,OK,OK,OK,,,OK,OK,,,
09/28/2021,06:16:52,00715,OK,OK,OK,OK,,OK,,,,,,OK,OK,OK,OK,OK,,,
09/28/2021,06:01:54,00716,OK,OK,*DOWN*,OK,,OK,,,,,,OK,OK,OK,OK,OK,,,
09/28/2021,06:15:34,00717,OK,OK,OK,OK,,OK,,,,OK,OK,OK,,,OK,OK,,,
09/28/2021,06:16:00,00718,OK,OK,OK,OK,,OK,,,,,,OK,OK,OK,OK,OK,,,
09/28/2021,06:16:05,00719,OK,OK,OK,OK,,,,,,OK,OK,OK,,,OK,OK,,,
09/28/2021,06:05:13,00721,OK,OK,OK,OK,,OK,,,,,,OK,OK,OK,OK,OK,,,
09/28/2021,06:16:04,00722,OK,OK,OK,OK,,,,,,OK,OK,OK,,,OK,OK,,,
09/28/2021,06:01:53,00723,OK,OK,OK,OK,,OK,,,,,,OK,OK,OK,OK,OK,,,
09/28/2021,05:58:42,00726,OK,OK,OK,OK,,OK,,,,OK,OK,OK,,,OK,OK,,,
09/28/2021,06:16:04,00727,OK,OK,OK,OK,,OK,,OK,,OK,OK,OK,,,OK,OK,,,
09/28/2021,06:16:06,00728,OK,OK,OK,OK,,OK,,,,OK,OK,OK,,,OK,OK,,,
09/28/2021,06:16:42,00729,OK,OK,OK,OK,,,,,,OK,OK,OK,,,OK,OK,,,
09/28/2021,06:16:40,00730,OK,OK,OK,OK,,OK,,,,OK,OK,,OK,OK,OK,OK,OK,,
09/28/2021,06:16:22,00733,OK,OK,OK,OK,,OK,,,,OK,OK,OK,,,OK,OK,,,
09/28/2021,06:16:23,00734,OK,OK,OK,OK,,OK,,OK,,OK,OK,OK,,,OK,OK,,,
09/28/2021,05:58:29,00735,OK,OK,OK,OK,,,,,,OK,OK,OK,,,OK,OK,,,
09/28/2021,06:16:26,00736,OK,OK,OK,OK,,OK,,,,OK,OK,OK,,,OK,OK,,,
09/28/2021,06:16:48,00737,OK,OK,OK,OK,,,,,,OK,OK,OK,,,OK,OK,,,
09/28/2021,06:16:57,00738,OK,OK,OK,OK,,,,,,OK,OK,OK,,,OK,OK,,,
09/28/2021,06:01:55,00739,OK,OK,OK,OK,,,,,,,,,OK,OK,OK,OK,,,
09/28/2021,06:17:44,00740,OK,OK,OK,OK,,,,,,OK,OK,*DOWN*,,,OK,OK,,,
09/28/2021,06:03:22,00742,OK,OK,OK,OK,,,,,,,,,OK,OK,OK,OK,,,
09/28/2021,06:17:47,00743,OK,OK,OK,OK,,OK,,,,,,OK,OK,OK,OK,OK,,,
09/28/2021,06:18:15,00744,OK,OK,OK,OK,,OK,,,,,,,OK,OK,OK,OK,,,
09/28/2021,06:17:44,00745,OK,OK,OK,OK,,*DOWN*,,,,OK,OK,,OK,OK,OK,OK,OK,,
09/28/2021,06:17:29,00746,OK,OK,OK,OK,,,,,,OK,OK,OK,,,OK,OK,,,
09/28/2021,06:17:09,00747,OK,OK,OK,OK,,OK,,,,OK,OK,OK,,,OK,OK,,,
09/28/2021,06:17:28,00749,OK,OK,OK,OK,,,,,,,,OK,*DOWN*,OK,OK,OK,,,
09/28/2021,06:17:48,00751,OK,OK,OK,OK,,OK,,,,OK,OK,OK,,,OK,OK,,,
09/28/2021,06:17:49,00752,OK,OK,OK,OK,,,,,,OK,OK,OK,,,OK,OK,,,
09/28/2021,05:58:34,00753,OK,OK,OK,OK,,OK,,,,OK,OK,OK,,,OK,OK,,,
09/28/2021,06:04:07,00754,OK,OK,OK,OK,,,,,,OK,OK,OK,,,OK,OK,,,
09/28/2021,06:17:42,00757,OK,OK,OK,OK,,,,,,,,OK,OK,OK,OK,OK,,,
09/28/2021,06:17:40,00759,*DOWN*,OK,OK,OK,,OK,,,,,,OK,OK,OK,OK,OK,,,
09/28/2021,05:58:36,00760,*DOWN*,OK,OK,OK,,OK,,OK,,,,OK,OK,OK,OK,OK,,,
09/28/2021,06:17:29,00763,OK,OK,OK,OK,,,,,,,,OK,OK,OK,OK,OK,,,
09/28/2021,06:17:43,00764,OK,OK,OK,OK,,OK,,,,,,OK,OK,OK,OK,OK,,,
09/28/2021,06:18:02,00766,OK,OK,OK,OK,,OK,,OK,,,,,OK,OK,OK,OK,,,
09/28/2021,06:17:56,00768,OK,OK,OK,OK,,,,,,,,OK,OK,OK,OK,OK,,,
09/28/2021,06:18:08,00770,OK,OK,OK,OK,,,,,,,,OK,OK,OK,OK,OK,,,
09/28/2021,06:17:25,00771,OK,OK,OK,OK,,,,,,,,OK,OK,OK,OK,OK,,,
09/28/2021,06:18:00,00772,OK,OK,OK,OK,,OK,,,,,,OK,OK,OK,OK,OK,,,
09/28/2021,06:17:29,00774,OK,OK,OK,OK,,,,,,OK,OK,OK,,,OK,OK,,,
09/28/2021,06:18:51,00775,OK,OK,OK,OK,,OK,,,,OK,OK,OK,,,OK,OK,,,
09/28/2021,06:17:12,00776,OK,OK,*DOWN*,OK,,,,,,OK,OK,OK,,,OK,OK,,,
09/28/2021,06:20:16,00777,*DOWN*,OK,OK,OK,,OK,,OK,,,,OK,OK,OK,OK,OK,,,
09/28/2021,06:18:18,00778,OK,OK,OK,OK,,*DOWN*,,,,OK,OK,OK,,,OK,OK,,,
09/28/2021,06:17:41,00779,OK,OK,OK,OK,,,,,,OK,OK,OK,,,OK,OK,,,
09/28/2021,05:58:29,00780,OK,OK,OK,OK,,,,,,,,OK,OK,OK,OK,OK,,,
09/28/2021,06:17:20,00782,OK,OK,OK,OK,,*DOWN*,,,,OK,OK,OK,,,OK,OK,,,
09/28/2021,06:18:01,00785,OK,OK,OK,OK,,OK,,,,,,OK,OK,OK,OK,OK,,,
09/28/2021,06:18:06,00786,OK,OK,OK,OK,,OK,,,,,,OK,OK,OK,OK,OK,,,
09/28/2021,06:18:09,00787,OK,OK,OK,OK,,OK,,,,OK,OK,OK,,,OK,OK,,,
09/28/2021,06:04:08,00788,OK,OK,OK,OK,,,,,,,,OK,OK,OK,OK,OK,,,
09/28/2021,06:17:55,00789,OK,OK,OK,OK,,OK,,,,,,OK,OK,OK,OK,OK,,,
09/28/2021,06:17:57,00790,OK,OK,OK,OK,,,,,,,,OK,OK,OK,OK,OK,,,
09/28/2021,05:58:36,00791,OK,OK,OK,OK,,,,,,,,OK,OK,OK,OK,OK,,,
09/28/2021,06:17:09,00792,OK,OK,OK,OK,,OK,,,,,,OK,OK,OK,OK,OK,,,
09/28/2021,06:17:23,00793,OK,OK,OK,OK,,OK,,,,OK,OK,OK,,,OK,OK,,,
09/28/2021,06:18:08,00794,OK,OK,OK,OK,,,,,,,,OK,OK,OK,OK,OK,,,
09/28/2021,06:18:00,00795,OK,OK,*DOWN*,OK,,OK,,,,,,OK,OK,OK,OK,OK,,,
09/28/2021,06:17:47,00796,OK,OK,OK,*DOWN*,,,,,,,,OK,OK,OK,OK,OK,,,
09/28/2021,06:17:09,00797,OK,OK,OK,OK,,OK,,,,,,OK,OK,OK,OK,OK,,,
09/28/2021,06:18:12,00798,OK,OK,OK,OK,,OK,,,,,,OK,OK,OK,OK,OK,,,
09/28/2021,06:17:49,00799,OK,OK,OK,OK,,OK,,,,,,OK,OK,OK,OK,OK,,,
09/28/2021,06:18:05,00801,OK,OK,OK,OK,,OK,,,,,,OK,OK,OK,OK,OK,,,
09/28/2021,06:19:46,00802,OK,OK,OK,OK,,OK,,,,OK,OK,OK,,,OK,OK,,,
09/28/2021,06:19:23,00804,OK,OK,OK,OK,,OK,,,,,,OK,OK,OK,OK,OK,,,
09/28/2021,05:58:45,00806,OK,OK,OK,OK,,,,,,,,OK,OK,*DOWN*,OK,OK,,,
09/28/2021,06:19:55,00807,OK,OK,OK,OK,,OK,,,,OK,OK,OK,,,OK,OK,,,
09/28/2021,06:18:29,00808,OK,OK,OK,OK,,,,,,,,OK,OK,OK,OK,OK,,,
09/28/2021,05:58:34,00809,OK,OK,OK,OK,,,,,,OK,OK,OK,,,OK,OK,,,
09/28/2021,06:20:00,00810,OK,OK,OK,OK,,,,,,,,OK,OK,OK,OK,OK,,,
09/28/2021,06:18:09,00811,OK,OK,OK,OK,,,,,,,,,OK,OK,OK,OK,*UP*,,
09/28/2021,06:18:09,00812,OK,OK,OK,OK,,OK,,,,OK,OK,OK,,,OK,OK,,,
09/28/2021,05:58:37,00813,OK,OK,OK,OK,,OK,,,,,,OK,OK,OK,OK,OK,,,
09/28/2021,06:18:13,00814,OK,OK,OK,OK,,,,,,,,OK,OK,OK,OK,OK,,,
09/28/2021,06:18:18,00815,OK,OK,OK,OK,,OK,,,,OK,OK,OK,,,OK,OK,,,
09/28/2021,06:18:14,00816,OK,OK,OK,OK,,,,,,OK,OK,OK,,,OK,OK,,,
09/28/2021,06:18:20,00817,OK,OK,OK,OK,,,,,,,,,OK,OK,OK,OK,OK,,
09/28/2021,06:18:38,00818,*DOWN*,OK,OK,OK,,OK,,,,,,OK,OK,OK,OK,OK,,,
09/28/2021,06:18:37,00819,OK,OK,OK,OK,,,,,,OK,OK,OK,,,OK,OK,,,
09/28/2021,05:58:40,00821,OK,OK,OK,OK,,OK,,,,,,OK,OK,OK,OK,OK,,,
09/28/2021,06:18:13,00823,OK,OK,OK,OK,,,,,,OK,OK,OK,,,OK,OK,,,
09/28/2021,06:18:19,00824,OK,OK,OK,OK,,,,,,,,,OK,OK,OK,OK,,,
09/28/2021,06:18:09,00825,OK,OK,OK,OK,,,,,,OK,OK,OK,,,OK,OK,,,
09/28/2021,06:18:41,00826,*DOWN*,OK,OK,OK,,,,,,OK,OK,OK,,,OK,OK,,,
09/28/2021,06:18:35,00827,OK,OK,OK,OK,,,,,,OK,OK,OK,,,OK,OK,,,
09/28/2021,05:58:37,00829,OK,OK,OK,OK,,,,,,OK,OK,OK,,,OK,OK,,,
09/28/2021,06:18:17,00830,OK,OK,OK,OK,,,,,,OK,OK,OK,,,OK,OK,,,
09/28/2021,06:19:52,00831,OK,OK,OK,OK,,OK,,,,,,OK,OK,OK,OK,OK,,,
09/28/2021,06:18:51,00832,OK,OK,OK,OK,,OK,,,,OK,OK,OK,,,OK,OK,,,
09/28/2021,06:19:04,00833,*DOWN*,OK,OK,OK,,OK,,,,,,,OK,OK,OK,OK,,,
09/28/2021,06:18:43,00834,OK,OK,OK,OK,,OK,,,,,,OK,OK,OK,OK,OK,,,
09/28/2021,06:04:15,00835,OK,OK,OK,OK,,,,,,,,*DOWN*,OK,OK,OK,OK,,,
09/28/2021,06:19:15,00836,OK,OK,OK,OK,,,,,,,,OK,OK,OK,OK,OK,,,
09/28/2021,06:18:53,00837,OK,OK,OK,OK,,OK,,,,,,OK,OK,OK,OK,OK,,,
09/28/2021,06:19:05,00838,OK,OK,OK,OK,,,,,,OK,OK,OK,,,OK,OK,,,
09/28/2021,06:19:02,00839,OK,OK,OK,OK,,OK,,,,,,OK,OK,OK,OK,OK,,,
09/28/2021,06:20:07,00841,OK,OK,OK,OK,,OK,,,,,,OK,OK,OK,OK,OK,,,
09/28/2021,06:04:16,00842,OK,OK,OK,OK,,OK,,,,OK,OK,OK,,,OK,OK,,,
09/28/2021,06:19:17,00844,OK,OK,OK,OK,,,,,,OK,OK,OK,,,OK,OK,,,
09/28/2021,06:19:58,00845,OK,OK,OK,OK,,OK,,,,,,OK,OK,OK,OK,OK,,,
09/28/2021,06:19:56,00848,OK,OK,OK,OK,,OK,,,,,,OK,OK,OK,OK,OK,,,
09/28/2021,06:19:12,00850,OK,OK,OK,OK,,,,,,OK,OK,OK,,,OK,OK,,,
09/28/2021,06:19:15,00851,OK,OK,OK,OK,,,,,,,,OK,OK,OK,OK,OK,,,
09/28/2021,06:19:07,00852,OK,OK,OK,OK,,OK,,,,OK,OK,*DOWN*,,,OK,OK,,,
09/28/2021,06:19:19,00853,OK,OK,OK,OK,,,,,,OK,OK,OK,,,OK,OK,,,
09/28/2021,06:19:17,00854,OK,OK,OK,OK,,,,,,,,,OK,OK,OK,OK,,,
09/28/2021,06:19:22,00855,OK,OK,OK,OK,,,,,,,,,OK,OK,OK,OK,,,
09/28/2021,06:19:40,00856,OK,OK,OK,OK,,,,,,OK,OK,OK,,,OK,OK,,,
09/28/2021,06:19:30,00857,OK,OK,OK,OK,,,,,,OK,OK,OK,,,OK,OK,,,
09/28/2021,06:19:38,00858,OK,OK,OK,OK,,,,,,,,OK,OK,*DOWN*,OK,OK,,,
09/28/2021,05:58:36,00861,OK,OK,OK,OK,,OK,,,,OK,OK,,OK,OK,OK,OK,OK,,
09/28/2021,06:19:32,00862,OK,OK,OK,OK,,OK,,,,OK,OK,OK,,,OK,OK,,,
09/28/2021,06:04:11,00863,OK,OK,OK,OK,,,,,,OK,OK,OK,,,OK,OK,,,
09/28/2021,06:19:43,00864,OK,OK,OK,OK,,OK,,,,OK,OK,,OK,OK,OK,OK,OK,,
09/28/2021,06:21:25,00865,OK,OK,OK,OK,,,,,,OK,*DOWN*,OK,,,OK,OK,,,
09/28/2021,06:20:17,00866,OK,OK,OK,OK,,OK,,,,,,OK,OK,OK,OK,OK,,,
09/28/2021,06:20:55,00867,OK,OK,OK,OK,,OK,,,,OK,OK,OK,,,OK,OK,,,
09/28/2021,06:20:25,00869,OK,OK,OK,OK,,,,,,OK,OK,OK,,,OK,OK,,,
09/28/2021,05:58:39,00871,OK,OK,OK,OK,,,,,,OK,OK,OK,,,OK,OK,,,
09/28/2021,06:20:28,00872,*DOWN*,OK,OK,OK,,,,,,,,,OK,OK,OK,OK,,,
09/28/2021,06:21:30,00873,OK,OK,OK,OK,,OK,,,,OK,OK,OK,,,OK,OK,,,
09/28/2021,05:58:13,00875,OK,OK,OK,OK,,,,,,,,,OK,OK,OK,OK,,,
09/28/2021,06:20:27,00877,OK,OK,OK,OK,,,,,,OK,OK,OK,,,OK,OK,,,
09/28/2021,06:21:22,00878,OK,OK,OK,OK,,,,,,OK,OK,OK,,,OK,OK,,,
09/28/2021,06:20:47,00880,OK,OK,OK,OK,,OK,,,,,,OK,OK,OK,OK,OK,,,
09/28/2021,06:21:22,00881,OK,OK,OK,OK,,OK,,,,,,OK,OK,OK,OK,OK,,,
09/28/2021,06:23:00,00882,OK,OK,OK,OK,,OK,,,,,,OK,OK,OK,OK,OK,,,
09/28/2021,06:23:01,00884,OK,OK,OK,OK,,OK,,,,,,OK,OK,OK,OK,OK,,,
09/28/2021,06:20:41,00885,OK,OK,*DOWN*,OK,,OK,,,,*DOWN*,OK,,OK,OK,OK,OK,,,
09/28/2021,06:20:55,00886,OK,OK,OK,OK,,OK,,OK,,,,,OK,OK,OK,OK,,,
09/28/2021,06:21:04,00887,OK,OK,OK,OK,,,,,,OK,OK,OK,,,OK,OK,,,
09/28/2021,06:23:04,00889,OK,OK,OK,OK,,OK,,,,,,OK,OK,OK,OK,OK,,,
09/28/2021,05:58:38,00891,OK,OK,OK,OK,,,,,,OK,OK,OK,,,OK,OK,,,
09/28/2021,06:20:57,00892,OK,OK,OK,OK,,,,,,OK,OK,OK,,,OK,OK,,,
09/28/2021,06:21:07,00893,OK,OK,OK,OK,,OK,,,,OK,OK,OK,,,OK,OK,,,
09/28/2021,06:20:33,00895,OK,OK,OK,OK,,OK,,,,,,OK,OK,OK,OK,OK,,,
09/28/2021,06:21:22,00896,OK,OK,OK,OK,,OK,,,,,,OK,OK,OK,OK,OK,,,
09/28/2021,06:21:21,00897,OK,OK,OK,OK,,OK,,,,,,OK,OK,OK,OK,OK,,,
09/28/2021,06:21:30,00898,OK,OK,OK,OK,,,,,,,,OK,OK,OK,OK,OK,,,
09/28/2021,06:20:04,00899,OK,OK,OK,OK,,,,,,,,OK,OK,OK,OK,OK,,,
09/28/2021,06:21:53,00900,OK,OK,OK,OK,,,,,,,,OK,OK,OK,OK,OK,,,
09/28/2021,06:21:33,00901,OK,OK,OK,OK,,OK,,,,,,OK,OK,OK,OK,OK,,,
09/28/2021,06:21:22,00902,OK,OK,OK,OK,,OK,,,,,,*DOWN*,OK,OK,OK,OK,OK,,
09/28/2021,06:22:43,00903,OK,OK,OK,OK,,,,,,,,OK,OK,OK,OK,OK,,,
09/28/2021,06:21:15,00905,OK,OK,OK,OK,,OK,,,,OK,OK,OK,,,OK,OK,,,
09/28/2021,06:21:06,00906,OK,OK,OK,OK,,,,,,,,OK,OK,OK,OK,OK,,,
09/28/2021,06:20:53,00907,OK,OK,OK,OK,,,,,,,,OK,OK,OK,OK,OK,,,
09/28/2021,06:23:04,00909,OK,OK,OK,OK,,,,,,,,OK,OK,OK,OK,OK,,,
09/28/2021,06:21:27,00911,OK,OK,OK,OK,,,,,,,,*DOWN*,OK,OK,OK,OK,,,
09/28/2021,06:21:08,00913,OK,OK,OK,OK,,,,,,OK,OK,OK,,,OK,OK,,,
09/28/2021,06:22:08,00914,OK,OK,OK,OK,,OK,,,,OK,OK,,OK,OK,OK,OK,OK,,
09/28/2021,06:21:18,00915,OK,OK,OK,OK,,OK,,OK,,OK,OK,OK,,,OK,OK,,,
09/28/2021,06:21:27,00916,OK,OK,OK,OK,,,,,,OK,OK,OK,,,OK,OK,,,
09/28/2021,06:21:27,00917,OK,OK,OK,OK,,OK,,,,,,OK,OK,OK,OK,OK,,,
09/28/2021,06:21:28,00920,OK,OK,OK,OK,,,,,,OK,OK,OK,,,OK,OK,,,
09/28/2021,06:21:27,00921,OK,OK,OK,OK,,,,,,OK,OK,OK,,,OK,OK,,,
09/28/2021,06:21:43,00922,OK,OK,*DOWN*,OK,,,,,,OK,OK,OK,,,OK,OK,,,
09/28/2021,06:21:29,00923,OK,OK,OK,OK,,OK,,OK,,OK,OK,OK,,,OK,OK,,,
09/28/2021,06:21:40,00926,OK,OK,OK,OK,,OK,,OK,,OK,OK,OK,,,OK,OK,,,
09/28/2021,06:21:53,00927,OK,OK,OK,OK,,,,,,OK,OK,OK,,,OK,OK,,,
09/28/2021,06:21:58,00928,OK,OK,OK,OK,,,,,,OK,OK,OK,,,OK,OK,,,
09/28/2021,06:04:11,00929,OK,OK,OK,OK,,,,,,OK,OK,OK,,,OK,OK,,,
09/28/2021,06:21:58,00930,OK,OK,OK,OK,,,,,,,,OK,OK,OK,OK,OK,,,
09/28/2021,05:58:32,00931,OK,OK,OK,OK,,,,,,,,OK,OK,OK,OK,OK,,,
09/28/2021,06:21:57,00933,OK,OK,OK,OK,,OK,,,,OK,OK,OK,,,OK,OK,,,
09/28/2021,06:21:59,00934,OK,OK,OK,OK,,OK,,,,,,OK,OK,OK,OK,OK,,,
09/28/2021,06:22:10,00935,OK,OK,OK,OK,,OK,,,,OK,OK,OK,,,OK,OK,,,
09/28/2021,06:22:05,00936,OK,OK,OK,OK,,OK,,,,,,OK,OK,OK,OK,OK,,,
09/28/2021,06:22:01,00937,OK,OK,OK,OK,,OK,,,,,,OK,OK,OK,OK,OK,,,
09/28/2021,06:22:11,00938,OK,OK,OK,OK,,,,,,OK,OK,OK,,,OK,OK,,,
09/28/2021,06:22:04,00939,*DOWN*,OK,OK,OK,,,,,,,,OK,OK,OK,OK,OK,,,
09/28/2021,06:04:12,00941,OK,OK,OK,OK,,OK,,,,OK,OK,OK,,,OK,OK,,,
09/28/2021,06:23:12,00942,*DOWN*,OK,OK,OK,,OK,,,,OK,OK,OK,,,OK,OK,,,
09/28/2021,05:58:18,00943,OK,OK,OK,OK,,OK,,,,OK,OK,OK,,,OK,OK,,,
09/28/2021,06:22:08,00944,OK,OK,OK,OK,,OK,,,,OK,OK,OK,,,OK,OK,,,
09/28/2021,06:22:22,00945,OK,OK,OK,OK,,OK,,,,,,OK,OK,OK,OK,OK,,,
09/28/2021,06:22:18,00947,OK,OK,OK,OK,,OK,,,,,,OK,OK,OK,OK,OK,,,
09/28/2021,06:22:17,00949,OK,OK,OK,OK,,OK,,,,OK,OK,OK,,,OK,OK,,,
09/28/2021,06:22:09,00950,OK,OK,OK,OK,,OK,,,,,,OK,OK,OK,OK,OK,,,
09/28/2021,06:22:20,00951,OK,OK,OK,OK,,,,,,OK,OK,OK,,,OK,OK,,,
09/28/2021,05:58:33,00952,OK,OK,*DOWN*,OK,,OK,,,,OK,OK,OK,,,OK,OK,,,
09/28/2021,06:22:21,00953,OK,OK,OK,OK,,,,,,,,OK,OK,OK,OK,OK,,,
09/28/2021,06:22:19,00955,OK,OK,OK,OK,,,,,,,,OK,OK,OK,OK,OK,,,
09/28/2021,06:22:08,00956,OK,OK,OK,OK,,OK,,OK,,OK,OK,,OK,OK,OK,OK,OK,,
09/28/2021,06:22:26,00958,OK,OK,OK,OK,,,,,,,,OK,OK,OK,OK,OK,,,
09/28/2021,06:22:25,00960,OK,OK,OK,OK,,,,,,,,OK,OK,OK,OK,OK,,,
09/28/2021,06:22:25,00962,OK,OK,OK,OK,,,,,,,,*DOWN*,OK,OK,OK,OK,,,
09/28/2021,06:22:32,00963,OK,OK,OK,OK,,,,,,,,OK,OK,OK,OK,OK,,,
09/28/2021,06:22:56,00964,OK,OK,OK,*DOWN*,,,,,,,,OK,OK,OK,OK,OK,,,
09/28/2021,06:22:49,00967,OK,OK,OK,OK,,,,,,,,*DOWN*,OK,OK,OK,OK,,,
09/28/2021,06:22:25,00968,OK,OK,OK,OK,,OK,,,,,,OK,OK,OK,OK,OK,,,
09/28/2021,06:22:50,00970,OK,OK,OK,OK,,,,,,,,OK,OK,OK,OK,OK,,,
09/28/2021,06:23:34,00971,OK,OK,OK,OK,,OK,,,,,,OK,OK,OK,OK,OK,,,
09/28/2021,06:22:55,00973,OK,OK,OK,OK,,OK,,,,,,OK,OK,OK,OK,OK,,,
09/28/2021,06:22:32,00974,*DOWN*,OK,OK,OK,,,,,,,,OK,OK,OK,OK,OK,,,
09/28/2021,06:22:56,00976,OK,OK,OK,OK,,,,,,,,OK,OK,OK,OK,OK,,,
09/28/2021,06:22:35,00977,OK,OK,OK,OK,,,,,,,,OK,OK,OK,OK,OK,,,
09/28/2021,06:22:58,00978,OK,OK,OK,OK,,OK,,,,,,OK,OK,OK,OK,OK,,,
09/28/2021,06:20:41,00979,OK,OK,OK,OK,,,,,,OK,OK,OK,,,OK,OK,OK,,
09/28/2021,05:57:49,00990,OK,,OK,,,,,,,,,,,,OK,,,,
09/28/2021,05:57:59,00994,OK,OK,OK,OK,,OK,,,,OK,OK,OK,,,OK,OK,,,
09/28/2021,05:58:25,01001,OK,OK,OK,OK,,OK,,,,,,OK,OK,OK,OK,OK,,,
09/28/2021,06:21:09,01002,OK,OK,OK,OK,,,,,,,,OK,OK,OK,OK,OK,,,
09/28/2021,05:58:27,01003,OK,OK,OK,OK,,OK,,,,,,OK,OK,OK,OK,OK,,,
09/28/2021,05:58:25,01004,OK,OK,OK,OK,,OK,,,,OK,OK,OK,,,OK,OK,,,
09/28/2021,05:58:27,01005,OK,OK,OK,OK,,OK,,,,,,OK,OK,OK,OK,OK,,,
09/28/2021,05:58:25,01006,OK,OK,OK,OK,,,,,,,,OK,OK,OK,OK,OK,,,
09/28/2021,05:58:39,01008,OK,OK,OK,OK,,,,,,,,OK,OK,OK,OK,OK,,,
09/28/2021,06:24:18,01009,OK,OK,OK,OK,,,,,,OK,OK,OK,,,OK,OK,,,
09/28/2021,06:26:00,01010,OK,OK,OK,OK,,,,,,OK,OK,OK,,,OK,OK,,,
09/28/2021,06:25:59,01011,OK,OK,OK,OK,,,,,,OK,*DOWN*,OK,,,OK,OK,,,
09/28/2021,06:23:39,01012,OK,OK,OK,OK,,OK,,,,,,OK,OK,OK,OK,OK,,,
09/28/2021,06:01:33,01013,OK,OK,OK,OK,,OK,,OK,,OK,OK,OK,,,OK,OK,,OK,
09/28/2021,06:01:28,01014,OK,OK,OK,OK,,,,,,,,OK,OK,OK,OK,OK,,,
09/28/2021,06:01:50,01015,OK,OK,OK,OK,,,,,,,,OK,OK,OK,OK,OK,,,
09/28/2021,06:24:00,01016,OK,OK,OK,OK,,,,,,OK,OK,OK,,,OK,OK,,,
09/28/2021,06:23:57,01017,OK,OK,OK,OK,,,,,,OK,OK,OK,,,OK,OK,,,
09/28/2021,06:23:48,01018,OK,OK,OK,OK,,OK,,,,OK,OK,OK,,,OK,OK,,,
09/28/2021,06:23:32,01020,OK,OK,OK,OK,,OK,,OK,,OK,OK,OK,,,OK,OK,,,
09/28/2021,06:24:07,01021,OK,OK,OK,OK,,,,,,OK,OK,OK,,,OK,OK,,,
09/28/2021,06:24:27,01022,OK,OK,OK,OK,,,,,,OK,OK,OK,,,OK,OK,,,
09/28/2021,06:24:30,01025,OK,OK,OK,OK,,,,,,OK,OK,OK,,,OK,OK,,,
09/28/2021,06:23:35,01026,OK,OK,*DOWN*,OK,,OK,,OK,,OK,OK,OK,,,OK,OK,,,
09/28/2021,06:23:12,01027,OK,OK,OK,OK,,OK,,OK,,,,OK,OK,OK,OK,OK,,,
09/28/2021,06:24:56,01028,OK,OK,OK,OK,,OK,,,,OK,OK,OK,,,OK,OK,,,
09/28/2021,05:58:36,01029,OK,OK,OK,OK,,OK,,OK,,OK,OK,OK,,,OK,OK,,,
09/28/2021,06:23:38,01030,OK,OK,OK,OK,,,,,,OK,OK,OK,,,OK,OK,,,
09/28/2021,06:24:00,01031,OK,OK,OK,OK,,,,,,OK,OK,OK,,,OK,OK,,,
09/28/2021,06:23:23,01032,*DOWN*,OK,OK,OK,,OK,,*DOWN*,,,,,OK,OK,OK,OK,OK,,
09/28/2021,06:23:14,01033,OK,OK,OK,OK,,,,,,OK,OK,OK,,,*DOWN*,OK,,,
09/28/2021,06:01:39,01034,OK,OK,OK,OK,,,,,,,,*DOWN*,OK,OK,OK,OK,,,
09/28/2021,05:58:26,01035,OK,OK,OK,OK,,,,,,OK,OK,OK,,,OK,OK,,,
09/28/2021,06:23:23,01036,OK,OK,OK,OK,,,,,,,,,OK,OK,OK,OK,OK,,
09/28/2021,06:23:15,01037,OK,OK,OK,OK,,OK,,,,OK,OK,OK,,,OK,OK,,,
09/28/2021,06:23:39,01038,OK,OK,OK,OK,,,,,,OK,OK,OK,,,OK,OK,,,
09/28/2021,06:01:50,01039,OK,OK,OK,OK,,OK,,,,OK,OK,,OK,OK,OK,OK,OK,,
09/28/2021,06:01:55,01040,OK,OK,OK,OK,,OK,,,,OK,OK,,OK,OK,OK,OK,OK,OK,
09/28/2021,06:01:58,01041,OK,OK,OK,OK,,OK,,,,OK,OK,,OK,OK,OK,OK,OK,OK,
09/28/2021,06:28:15,01042,OK,OK,OK,OK,,OK,,,,OK,OK,,OK,OK,OK,OK,OK,OK,
09/28/2021,06:24:16,01043,OK,OK,OK,OK,,OK,,,,OK,OK,,OK,OK,OK,OK,OK,,
09/28/2021,06:24:47,01044,OK,OK,OK,OK,,OK,,,,OK,OK,,OK,OK,OK,OK,OK,,
09/28/2021,06:24:50,01045,OK,OK,OK,OK,,OK,,,,OK,OK,,OK,OK,OK,OK,OK,OK,
09/28/2021,06:24:32,01046,OK,OK,OK,OK,,OK,,OK,,OK,OK,,OK,OK,OK,OK,OK,,
09/28/2021,06:26:05,01047,*DOWN*,OK,OK,OK,,,,,,,,OK,OK,OK,OK,OK,,OK,
09/28/2021,06:25:31,01048,OK,OK,OK,OK,,OK,,,,,,OK,OK,OK,OK,OK,,OK,
09/28/2021,06:24:39,01049,OK,OK,OK,OK,,,,,,,,,OK,OK,OK,OK,OK,,
09/28/2021,06:24:13,01050,OK,OK,OK,OK,,OK,,,,,,OK,OK,OK,OK,OK,,OK,
09/28/2021,06:23:31,01051,OK,OK,OK,OK,,,,,,OK,OK,OK,,,OK,OK,,,
09/28/2021,05:58:37,01052,OK,OK,OK,OK,,,,,,OK,OK,OK,,,OK,OK,,,
09/28/2021,06:23:59,01053,OK,OK,OK,OK,,OK,,,,OK,OK,OK,,,OK,OK,,,
09/28/2021,06:26:01,01054,OK,OK,*DOWN*,OK,,OK,,,,OK,OK,OK,,,OK,OK,,,
09/28/2021,06:25:00,01055,OK,OK,OK,OK,,OK,,,,OK,OK,OK,,,OK,OK,,,
09/28/2021,06:23:13,01056,OK,OK,OK,OK,,OK,,,,OK,OK,OK,,,OK,OK,,,
09/28/2021,06:24:27,01057,OK,OK,OK,OK,,OK,,,,OK,OK,OK,,,OK,OK,,,
09/28/2021,06:26:09,01058,OK,OK,OK,OK,,,,,,OK,OK,OK,,,OK,OK,,,
09/28/2021,06:24:43,01059,OK,OK,OK,OK,,,,,,OK,OK,OK,,,OK,OK,,,
09/28/2021,06:24:45,01060,OK,OK,OK,OK,,,,,,OK,OK,OK,,,OK,OK,,,
09/28/2021,06:24:46,01061,OK,OK,OK,OK,,,,,,OK,OK,OK,,,OK,OK,,,
09/28/2021,06:24:50,01062,OK,OK,OK,OK,,,,,,OK,OK,OK,,,OK,OK,,,
09/28/2021,06:24:57,01063,OK,OK,OK,OK,,,,,,OK,OK,OK,,,OK,OK,,,
09/28/2021,06:25:04,01064,OK,OK,OK,OK,,OK,,OK,,OK,OK,OK,,,OK,OK,,,
09/28/2021,06:25:20,01065,OK,OK,OK,OK,,,,,,OK,OK,OK,,,OK,OK,,,
09/28/2021,06:24:58,01066,OK,OK,OK,OK,,OK,,,,OK,OK,OK,,,OK,OK,,,
09/28/2021,05:58:14,01067,OK,OK,OK,OK,,OK,,OK,,OK,OK,OK,,,OK,OK,,,
09/28/2021,06:25:02,01068,OK,OK,OK,OK,,,,,,OK,OK,OK,,,OK,OK,,,
09/28/2021,06:25:15,01069,OK,OK,OK,OK,,,,,,OK,OK,OK,,,OK,OK,,,
09/28/2021,06:25:10,01070,OK,OK,OK,OK,,,,,,OK,OK,OK,,,OK,OK,,,
09/28/2021,06:25:17,01071,OK,OK,OK,OK,,,,,,OK,OK,OK,,,OK,OK,,,
09/28/2021,06:04:12,01072,OK,OK,OK,OK,,,,,,OK,OK,OK,,,OK,OK,,,
09/28/2021,06:25:09,01073,OK,OK,OK,OK,,,,,,OK,OK,OK,,,OK,OK,,,
09/28/2021,06:25:24,01074,OK,OK,OK,OK,,OK,,,,OK,OK,OK,,,OK,OK,,,
09/28/2021,05:58:33,01075,OK,OK,OK,OK,,OK,,,,OK,OK,,OK,OK,OK,OK,OK,,
09/28/2021,06:25:40,01077,OK,OK,OK,OK,,OK,,,,OK,OK,,OK,OK,OK,OK,OK,,
09/28/2021,06:26:02,01078,OK,OK,OK,OK,,,,,,OK,*DOWN*,OK,,,OK,OK,,,
09/28/2021,06:25:19,01079,OK,OK,OK,OK,,,,,,OK,OK,OK,,,OK,OK,,,
09/28/2021,06:25:40,01080,OK,OK,OK,OK,,OK,,OK,,OK,OK,,OK,OK,OK,OK,OK,,
09/28/2021,06:25:15,01081,OK,OK,OK,OK,,OK,,OK,,OK,OK,,OK,OK,OK,OK,OK,,
09/28/2021,06:25:16,01082,OK,OK,OK,OK,,,,,,OK,OK,OK,,,OK,OK,,,
09/28/2021,05:58:02,01083,OK,OK,OK,OK,,OK,,,,OK,OK,OK,,,OK,OK,,,
09/28/2021,05:58:32,01084,OK,OK,OK,OK,,OK,,,,OK,OK,OK,,,OK,OK,,,
09/28/2021,06:25:15,01085,OK,OK,OK,OK,,,,,,OK,OK,OK,,,OK,OK,,,
09/28/2021,05:58:32,01086,OK,OK,OK,OK,,,,,,OK,OK,,,,OK,OK,,,
09/28/2021,06:25:14,01087,OK,OK,OK,OK,,,,,,,,,OK,OK,OK,OK,,,
09/28/2021,06:25:36,01088,OK,OK,OK,OK,,,,,,,,,OK,OK,OK,OK,,,
09/28/2021,06:25:47,01089,*DOWN*,OK,OK,OK,,,,,,OK,OK,OK,,,OK,OK,,,
09/28/2021,06:33:51,01091,OK,OK,OK,OK,,,,,,OK,OK,OK,,,OK,OK,,,
09/28/2021,05:58:37,01092,OK,OK,OK,OK,,OK,,,,OK,OK,OK,,,OK,OK,,,
09/28/2021,06:25:28,01093,OK,OK,OK,OK,,,,,,,,OK,OK,OK,OK,OK,,,
09/28/2021,06:25:40,01094,OK,OK,OK,OK,,OK,,,,,,OK,OK,OK,OK,OK,,,
09/28/2021,06:25:37,01095,OK,OK,OK,OK,,OK,,,,,,OK,OK,OK,OK,OK,,,
09/28/2021,06:25:15,01096,OK,OK,OK,OK,,,,,,OK,OK,OK,,,OK,OK,,,
09/28/2021,06:25:56,01097,OK,OK,OK,OK,,OK,,OK,,OK,OK,,OK,OK,OK,OK,OK,,
09/28/2021,06:25:58,01098,OK,OK,OK,OK,,,,,,,,OK,OK,OK,OK,OK,,,
09/28/2021,06:25:55,01099,OK,OK,OK,OK,,,,,,,,OK,OK,OK,OK,OK,,,
09/28/2021,06:25:56,01100,OK,OK,OK,OK,,,,,,OK,OK,OK,,,OK,OK,,,
09/28/2021,06:25:52,01101,*DOWN*,OK,OK,OK,,,,,,OK,OK,OK,,,OK,OK,,,
09/28/2021,05:58:39,01102,OK,OK,OK,OK,,OK,,,,,,OK,OK,OK,OK,OK,,,
09/28/2021,06:25:55,01103,OK,OK,OK,OK,,,,,,,,OK,OK,OK,OK,OK,,,
09/28/2021,05:58:21,01104,OK,OK,OK,OK,,OK,,,,,,OK,*DOWN*,OK,OK,OK,,,
09/28/2021,05:58:39,01105,*DOWN*,OK,*DOWN*,OK,,OK,,,,,,OK,*DOWN*,OK,OK,OK,,,
09/28/2021,05:58:38,01107,OK,OK,OK,OK,,OK,,,,OK,OK,OK,,,OK,OK,,,
09/28/2021,05:58:11,01108,OK,OK,OK,OK,,,,,,OK,OK,OK,,,OK,OK,,,
09/28/2021,06:25:58,01109,OK,OK,OK,OK,,OK,,,,OK,OK,OK,,,OK,OK,,,
09/28/2021,06:25:57,01110,OK,OK,OK,OK,,,,,,OK,OK,OK,,,OK,OK,,,
09/28/2021,05:58:28,01111,OK,OK,OK,OK,,,,,,OK,OK,OK,,,OK,OK,,,
09/28/2021,06:27:53,01112,OK,OK,OK,OK,,,,,,OK,OK,OK,,,OK,OK,,,
09/28/2021,06:27:09,01113,OK,OK,OK,OK,,,,,,,,,OK,OK,OK,OK,,,
09/28/2021,06:27:13,01114,OK,OK,OK,OK,,OK,,,,OK,OK,OK,,,OK,OK,,,
09/28/2021,06:04:05,01115,OK,OK,OK,OK,,*DOWN*,,,,OK,OK,OK,,,OK,OK,,,
09/28/2021,06:26:42,01116,OK,OK,OK,OK,,,,,,OK,OK,OK,,,OK,OK,,,
09/28/2021,06:26:42,01117,OK,OK,OK,OK,,,,,,,,,OK,OK,OK,OK,,,
09/28/2021,05:58:31,01118,OK,OK,OK,OK,,,,,,,,OK,OK,OK,OK,OK,,,
09/28/2021,06:27:39,01120,OK,OK,OK,OK,,,,,,OK,OK,OK,,,OK,OK,OK,,
09/28/2021,05:58:37,01122,OK,OK,OK,OK,,OK,,,,OK,OK,OK,,,OK,OK,,,
09/28/2021,06:27:50,01123,*DOWN*,OK,*DOWN*,OK,,OK,,,,,,,OK,OK,OK,OK,,,
09/28/2021,06:27:11,01124,OK,OK,OK,OK,,OK,,,,OK,OK,OK,,,OK,OK,,,
09/28/2021,06:26:44,01125,OK,OK,OK,OK,,,,,,OK,OK,OK,,,OK,OK,,,
09/28/2021,06:27:59,01126,OK,OK,OK,OK,,OK,,,,OK,OK,OK,,,OK,OK,,,
09/28/2021,05:58:34,01127,OK,OK,OK,OK,,,,,,OK,OK,OK,,,OK,OK,,,
09/28/2021,06:26:34,01128,OK,OK,OK,OK,,,,,,OK,OK,OK,,,OK,OK,,,
09/28/2021,06:27:23,01129,OK,OK,OK,OK,,,,,,OK,*DOWN*,OK,,,OK,OK,,,
09/28/2021,06:27:10,01130,OK,OK,OK,OK,,,,,,OK,OK,OK,,,OK,OK,,,
09/28/2021,06:26:48,01131,OK,OK,OK,OK,,OK,,OK,,OK,OK,OK,,,OK,OK,,,
09/28/2021,06:26:41,01135,OK,OK,OK,OK,,,,,,OK,OK,OK,,,OK,OK,,,
09/28/2021,06:26:35,01136,OK,OK,OK,OK,,,,,,,,OK,OK,OK,OK,OK,,,
09/28/2021,06:26:39,01137,OK,OK,OK,OK,,OK,,OK,,,,OK,OK,OK,OK,OK,,,
09/28/2021,06:27:30,01138,OK,OK,OK,OK,,OK,,,,,,OK,OK,OK,OK,OK,,,
09/28/2021,05:58:30,01139,OK,OK,OK,OK,,OK,,,,OK,OK,,OK,OK,OK,OK,OK,,
09/28/2021,05:58:25,01140,OK,OK,OK,OK,,OK,,,,OK,OK,,OK,OK,OK,OK,OK,,
09/28/2021,06:26:12,01141,OK,OK,OK,OK,,OK,,,,OK,OK,,OK,OK,OK,OK,OK,,
09/28/2021,06:28:05,01142,*DOWN*,OK,OK,OK,,OK,,OK,,OK,OK,,OK,OK,OK,OK,OK,,
09/28/2021,06:27:55,01143,OK,OK,OK,OK,,OK,,OK,,OK,OK,,OK,OK,OK,OK,OK,,
09/28/2021,06:28:10,01144,OK,OK,OK,OK,,OK,,,,OK,OK,,OK,OK,OK,OK,OK,,
09/28/2021,06:29:41,01145,OK,OK,OK,OK,,OK,,,,OK,OK,OK,,,OK,OK,OK,,
09/28/2021,05:58:23,01146,OK,OK,OK,OK,,OK,,,,,,,OK,OK,OK,OK,OK,,
09/28/2021,05:58:27,01147,OK,OK,OK,OK,,OK,,,,OK,OK,,OK,OK,OK,OK,OK,,
09/28/2021,06:28:00,01148,OK,OK,OK,OK,,OK,,,,OK,OK,,OK,OK,OK,OK,OK,,
09/28/2021,05:58:25,01149,OK,OK,OK,OK,,OK,,,,OK,OK,,OK,OK,OK,OK,OK,,
09/28/2021,06:26:20,01151,OK,OK,OK,OK,,OK,,,,,,*DOWN*,OK,OK,OK,OK,*UP*,,
09/28/2021,06:26:12,01152,OK,OK,OK,OK,,OK,,,,,,,OK,OK,OK,OK,OK,,
09/28/2021,06:26:42,01153,OK,OK,OK,OK,OK,OK,,,,,,,OK,OK,OK,OK,OK,,
09/28/2021,06:26:08,01155,OK,OK,OK,OK,,OK,,,,,,OK,OK,OK,OK,OK,,,
09/28/2021,06:26:22,01156,OK,OK,OK,OK,OK,OK,,,,,,OK,OK,OK,OK,OK,,,
09/28/2021,06:26:13,01157,OK,OK,OK,OK,OK,,,,,,,OK,OK,OK,OK,OK,,,
09/28/2021,06:26:49,01158,OK,OK,OK,OK,OK,OK,,,,,,OK,OK,OK,OK,OK,,,
09/28/2021,06:26:23,01159,OK,OK,OK,OK,,OK,,,,,,OK,OK,OK,OK,OK,,,
09/28/2021,06:26:44,01160,OK,OK,OK,*DOWN*,OK,OK,,,,,,OK,OK,OK,OK,OK,,,
09/28/2021,05:57:57,01161,OK,OK,OK,OK,,OK,,,,,,OK,OK,OK,OK,OK,,,
09/28/2021,06:26:18,01162,OK,OK,OK,OK,OK,OK,,,,,,OK,OK,OK,OK,OK,OK,,
09/28/2021,06:27:01,01163,OK,OK,OK,OK,OK,OK,,,,,,,OK,OK,OK,OK,OK,,
09/28/2021,06:26:00,01164,OK,OK,OK,OK,,OK,,,,,,OK,OK,OK,OK,OK,,,
09/28/2021,06:27:24,01165,OK,OK,OK,OK,OK,OK,,OK,,,,OK,OK,OK,OK,OK,,,
09/28/2021,06:27:24,01166,OK,OK,OK,OK,,OK,,,,,,OK,OK,OK,OK,OK,,,
09/28/2021,06:27:16,01167,OK,OK,OK,OK,,OK,,,,,,OK,OK,OK,OK,OK,,,
09/28/2021,06:27:44,01168,OK,OK,OK,OK,,OK,,,,OK,OK,,OK,OK,OK,OK,OK,,
09/28/2021,06:28:22,01169,*DOWN*,OK,OK,OK,,OK,,,,OK,OK,,OK,OK,OK,OK,OK,OK,
09/28/2021,06:28:12,01170,OK,OK,OK,OK,,OK,,,,OK,OK,,OK,OK,OK,OK,OK,,
09/28/2021,06:29:18,01171,OK,OK,OK,OK,,,,,,OK,OK,,OK,OK,OK,OK,OK,,
09/28/2021,05:58:37,01172,OK,OK,OK,OK,,OK,,,,OK,OK,OK,,,OK,OK,,,
09/28/2021,06:26:53,01173,OK,OK,OK,OK,,,,,,OK,OK,OK,,,OK,OK,,,
09/28/2021,06:27:45,01174,OK,OK,OK,OK,,,,,,OK,OK,OK,,,OK,OK,,,
09/28/2021,06:26:59,01175,OK,OK,OK,OK,,,,,,OK,OK,OK,,,OK,OK,,,
09/28/2021,06:27:33,01176,OK,OK,OK,OK,,OK,,,,OK,OK,,OK,OK,OK,OK,OK,,
09/28/2021,06:28:18,01177,OK,OK,OK,OK,,OK,,,,OK,OK,,OK,OK,OK,OK,OK,,
09/28/2021,06:29:46,01178,OK,OK,OK,OK,,OK,,,,OK,OK,,OK,OK,OK,OK,OK,,
09/28/2021,06:29:46,01179,OK,OK,OK,OK,,OK,,OK,,OK,OK,,OK,OK,OK,OK,OK,,
09/28/2021,06:30:52,01180,OK,OK,OK,OK,,OK,,,,OK,OK,,OK,OK,OK,OK,OK,,
09/28/2021,06:29:51,01181,OK,OK,OK,OK,,OK,,,,,,OK,OK,OK,OK,OK,,,
09/28/2021,06:29:50,01182,OK,OK,OK,OK,,OK,,OK,,OK,OK,,OK,OK,OK,OK,OK,,
09/28/2021,06:30:25,01183,OK,OK,OK,OK,,OK,,,,OK,OK,,OK,OK,OK,OK,OK,,
09/28/2021,06:30:47,01184,OK,OK,OK,OK,,OK,,,,OK,OK,,OK,OK,OK,OK,OK,,
09/28/2021,06:30:25,01185,OK,OK,OK,OK,,OK,,OK,,OK,OK,,OK,OK,OK,OK,OK,,
09/28/2021,06:28:18,01190,OK,OK,OK,OK,,OK,,OK,,OK,OK,OK,,,OK,OK,,,
09/28/2021,06:28:23,01191,OK,OK,OK,OK,,OK,,*DOWN*,,OK,*DOWN*,OK,,,OK,OK,,,
09/28/2021,06:30:28,01192,OK,OK,OK,OK,,OK,,OK,,OK,OK,,OK,OK,OK,OK,*DOWN*,,
09/28/2021,06:32:21,01193,OK,OK,OK,OK,,OK,,OK,,OK,OK,OK,,,OK,OK,OK,*UP*,
09/28/2021,06:31:10,01194,OK,OK,OK,OK,,OK,,OK,,OK,OK,,OK,OK,OK,OK,OK,,
09/28/2021,05:58:34,01195,OK,OK,OK,OK,,OK,,,,OK,OK,,OK,OK,OK,OK,OK,,
09/28/2021,05:58:37,01196,OK,OK,OK,OK,,OK,,OK,,OK,*DOWN*,OK,,,OK,OK,OK,,
09/28/2021,06:31:34,01197,OK,OK,OK,OK,,OK,,OK,,OK,OK,,OK,OK,OK,OK,OK,,
09/28/2021,06:31:35,01198,OK,OK,OK,OK,,OK,,OK,,OK,OK,,OK,OK,OK,OK,OK,,
09/28/2021,06:06:48,01199,OK,OK,OK,OK,,OK,,,,OK,OK,OK,,,OK,OK,OK,,
09/28/2021,06:29:09,01201,OK,OK,OK,OK,,OK,,,,OK,OK,OK,,,*DOWN*,OK,,,
09/28/2021,06:28:32,01202,OK,OK,OK,OK,,OK,,,,,,OK,OK,OK,OK,OK,,,
09/28/2021,06:28:42,01203,OK,OK,OK,OK,,OK,,,,OK,OK,OK,,,OK,OK,,,
09/28/2021,06:29:02,01204,OK,OK,OK,OK,,OK,,,,,,OK,OK,OK,OK,OK,,,
09/28/2021,05:58:29,01205,OK,OK,OK,OK,,OK,,,,,,OK,OK,OK,OK,OK,,,
09/28/2021,06:28:36,01206,OK,OK,OK,OK,,OK,,,,OK,OK,OK,,,OK,OK,,,
09/28/2021,06:28:16,01207,OK,OK,OK,OK,,OK,,,,,,OK,OK,OK,OK,OK,,,
09/28/2021,06:28:56,01208,OK,OK,OK,OK,,OK,,,,,,OK,OK,OK,OK,OK,,,
09/28/2021,06:28:59,01209,OK,OK,OK,OK,,OK,,,,,,OK,OK,OK,OK,OK,,,
09/28/2021,06:29:09,01210,OK,OK,OK,OK,,,,,,,,OK,OK,OK,OK,OK,,,
09/28/2021,06:29:08,01211,OK,OK,OK,OK,,OK,,,,,,OK,OK,OK,OK,OK,,,
09/28/2021,05:58:36,01212,*DOWN*,OK,OK,OK,,OK,,,,,,OK,OK,OK,OK,OK,,,
09/28/2021,06:29:05,01213,OK,OK,OK,OK,,,,,,,,OK,OK,OK,OK,OK,,,
09/28/2021,06:04:23,01214,OK,OK,OK,OK,,OK,,,,,,OK,OK,OK,OK,OK,,,
09/28/2021,06:04:13,01215,OK,OK,OK,OK,,OK,,,,,,OK,OK,OK,OK,OK,,,
09/28/2021,06:28:39,01216,OK,OK,OK,OK,,OK,,,,,,OK,OK,OK,OK,OK,,,
09/28/2021,06:29:03,01218,OK,OK,OK,OK,,OK,,,,,,OK,OK,OK,OK,OK,,,
09/28/2021,06:28:31,01219,OK,OK,OK,OK,,OK,,,,,,OK,OK,OK,OK,OK,,,
09/28/2021,06:28:22,01220,OK,OK,OK,OK,,OK,,,,OK,OK,OK,,,OK,OK,,,
09/28/2021,06:29:08,01222,OK,OK,OK,OK,,OK,,,,,,OK,OK,OK,OK,OK,,,
09/28/2021,06:04:07,01223,OK,OK,OK,OK,,OK,,,,OK,OK,OK,,,OK,OK,,,
09/28/2021,06:29:08,01224,OK,OK,OK,OK,,OK,,,,,,OK,OK,OK,OK,OK,,,
09/28/2021,06:29:06,01225,OK,OK,OK,OK,,OK,,,,,,OK,OK,OK,OK,OK,,,
09/28/2021,06:29:07,01226,OK,OK,OK,OK,,OK,,,,,,OK,OK,OK,OK,OK,,,
09/28/2021,06:29:09,01227,OK,OK,OK,OK,,OK,,,,,,OK,OK,OK,OK,OK,,,
09/28/2021,06:29:05,01228,OK,OK,OK,OK,,OK,,,,OK,OK,OK,,,OK,OK,,,
09/28/2021,06:28:43,01229,OK,OK,OK,OK,,OK,,,,,,OK,OK,OK,OK,OK,,,
09/28/2021,06:29:16,01230,OK,OK,OK,OK,,,,,,,,OK,OK,OK,OK,OK,,,
09/28/2021,06:28:49,01231,OK,OK,OK,OK,,OK,,,,,,OK,OK,OK,OK,OK,,,
09/28/2021,06:29:22,01232,OK,OK,OK,OK,,OK,,,,,,OK,OK,OK,OK,OK,,,
09/28/2021,06:29:59,01233,OK,OK,OK,OK,,OK,,,,,,,OK,OK,OK,OK,,,
09/28/2021,05:58:38,01234,OK,OK,*DOWN*,OK,,OK,,,,OK,OK,OK,,,OK,OK,,,
09/28/2021,06:29:36,01235,OK,OK,OK,OK,,OK,,,,,,,OK,OK,OK,OK,,,
09/28/2021,06:29:40,01236,OK,OK,OK,OK,,,,,,,,,OK,OK,OK,OK,,,
09/28/2021,06:29:32,01237,OK,OK,OK,OK,,OK,,,,,,,OK,OK,OK,OK,,,
09/28/2021,06:29:39,01238,OK,OK,OK,OK,,OK,,,,,,,OK,OK,OK,OK,,,
09/28/2021,06:29:40,01239,OK,OK,OK,OK,,OK,,,,,,OK,OK,OK,OK,OK,,,
09/28/2021,06:30:05,01240,OK,OK,OK,OK,,OK,,,,,,,OK,OK,OK,OK,,,
09/28/2021,06:29:40,01241,OK,OK,OK,OK,,OK,,,,,,,OK,OK,OK,OK,,,
09/28/2021,06:32:19,01242,OK,OK,OK,OK,,OK,,OK,,OK,OK,,OK,OK,OK,OK,OK,,
09/28/2021,06:32:47,01243,OK,OK,OK,OK,,OK,,OK,,OK,OK,,OK,OK,OK,OK,OK,,
09/28/2021,05:58:43,01244,OK,OK,OK,OK,,,,,,OK,OK,OK,,,OK,OK,,,
09/28/2021,06:32:22,01245,OK,OK,OK,OK,,OK,,OK,,OK,OK,OK,,,OK,OK,OK,,
09/28/2021,06:07:30,01246,OK,OK,OK,OK,,OK,,OK,,OK,OK,,OK,OK,OK,OK,OK,,
09/28/2021,06:32:28,01247,OK,OK,OK,OK,,OK,,OK,,OK,OK,,OK,OK,OK,OK,OK,,
09/28/2021,06:32:06,01248,OK,OK,OK,OK,,OK,,OK,,OK,OK,,OK,OK,OK,OK,OK,,
09/28/2021,05:58:59,01249,OK,OK,OK,OK,,OK,,OK,,OK,OK,,OK,OK,OK,OK,OK,,
09/28/2021,06:30:05,01251,OK,OK,OK,OK,,OK,,OK,,,,OK,OK,OK,OK,OK,,,
09/28/2021,06:29:41,01252,OK,OK,OK,OK,,OK,,OK,,,,OK,OK,OK,OK,OK,,,
09/28/2021,06:29:48,01253,OK,OK,OK,OK,,OK,,OK,,,,OK,OK,OK,OK,OK,,,
09/28/2021,06:29:40,01254,OK,OK,OK,OK,,OK,,OK,,,,OK,OK,OK,OK,OK,,,
09/28/2021,06:29:45,01255,OK,OK,OK,OK,,,,,,,,OK,OK,OK,OK,OK,,,
09/28/2021,06:29:40,01256,OK,OK,OK,OK,,OK,,OK,,,,OK,OK,OK,OK,OK,,,
09/28/2021,06:29:47,01257,OK,OK,OK,OK,,OK,,OK,,,,OK,OK,OK,OK,OK,,,
09/28/2021,06:29:44,01258,OK,OK,OK,OK,,OK,,OK,,,,OK,OK,*DOWN*,OK,OK,,,
09/28/2021,06:29:42,01259,OK,OK,OK,OK,,,,,,,,OK,OK,OK,OK,OK,,,
09/28/2021,06:29:46,01260,OK,OK,OK,OK,,OK,,OK,,,,OK,OK,OK,OK,OK,,,
09/28/2021,06:30:05,01261,OK,OK,OK,OK,,OK,,OK,,,,OK,OK,OK,OK,OK,,,
09/28/2021,06:29:44,01262,OK,OK,OK,OK,,OK,,OK,,,,OK,OK,OK,OK,OK,,,
09/28/2021,05:58:23,01263,OK,OK,OK,OK,,OK,,OK,,,,OK,OK,OK,OK,OK,,,
09/28/2021,05:58:38,01265,OK,OK,OK,OK,,OK,,OK,,OK,OK,OK,,,OK,OK,OK,*UP*,
09/28/2021,06:32:52,01266,OK,OK,OK,OK,,OK,,OK,,OK,OK,OK,,,OK,OK,OK,,
09/28/2021,06:33:40,01267,OK,OK,OK,OK,,OK,,OK,,OK,OK,,OK,OK,OK,OK,OK,,
09/28/2021,06:04:08,01401,OK,OK,OK,OK,,OK,,OK,,OK,OK,OK,,,OK,OK,,,
09/28/2021,06:32:47,01402,OK,OK,OK,OK,,OK,,,,OK,OK,OK,,,OK,OK,,,
09/28/2021,05:58:19,01403,OK,OK,OK,OK,,,,,,OK,OK,OK,,,OK,OK,,,
09/28/2021,06:33:05,01405,OK,OK,OK,OK,,OK,,OK,,OK,OK,OK,,,OK,OK,,,
09/28/2021,06:33:05,01406,OK,OK,OK,OK,,OK,,,,OK,OK,OK,,,OK,OK,,,
09/28/2021,06:33:59,01407,OK,OK,OK,OK,,OK,,,,OK,OK,OK,,,OK,OK,,,
09/28/2021,06:32:54,01408,OK,OK,OK,OK,,OK,,OK,,OK,OK,OK,,,OK,OK,,,
09/28/2021,06:32:59,01409,OK,OK,*DOWN*,OK,,OK,,OK,,OK,OK,OK,,,OK,OK,,,
09/28/2021,06:33:16,01410,OK,OK,OK,OK,,OK,,OK,,OK,OK,OK,,,OK,OK,,,
09/28/2021,06:32:56,01411,OK,OK,OK,OK,,OK,,OK,,OK,OK,OK,,,OK,OK,,,
09/28/2021,05:58:36,01412,OK,OK,OK,OK,,OK,,OK,,OK,OK,OK,,,OK,OK,,,
09/28/2021,05:58:34,01413,OK,OK,OK,OK,,OK,,,,OK,*DOWN*,OK,,,OK,OK,,,
09/28/2021,06:04:18,01414,OK,OK,OK,OK,,OK,,,,OK,OK,OK,,,OK,OK,,,
09/28/2021,06:33:05,01415,OK,OK,OK,OK,,OK,,,,OK,OK,OK,,,OK,OK,,,
09/28/2021,06:33:24,01416,OK,OK,OK,OK,,OK,,,,OK,OK,OK,,,OK,OK,,,
09/28/2021,06:33:33,01417,OK,OK,OK,OK,,OK,,,,OK,OK,OK,,,OK,OK,,,
09/28/2021,06:33:32,01418,OK,OK,OK,OK,,OK,,,,OK,OK,OK,,,OK,OK,,,
09/28/2021,06:33:32,01419,OK,OK,OK,OK,,OK,,,,OK,OK,OK,,,OK,OK,,,
09/28/2021,06:30:58,01501,OK,OK,OK,OK,,,,,,,,OK,OK,OK,OK,OK,,,
09/28/2021,06:05:24,01502,OK,OK,OK,OK,,OK,,,,,,OK,OK,OK,OK,OK,,,
09/28/2021,06:01:36,01503,OK,OK,OK,OK,,OK,,OK,,OK,OK,OK,,,OK,OK,,,
09/28/2021,06:03:14,01504,OK,OK,*DOWN*,OK,,OK,,,,,,OK,OK,OK,OK,OK,,,
09/28/2021,06:31:55,01505,OK,OK,OK,OK,,OK,,,,OK,OK,OK,,,OK,OK,,,
09/28/2021,06:06:04,01506,OK,OK,OK,OK,,,,,,OK,OK,OK,,,OK,OK,,,
09/28/2021,06:02:29,01507,OK,OK,OK,OK,,,,,,OK,OK,OK,,,OK,OK,,,
09/28/2021,06:03:14,01508,OK,OK,OK,OK,,,,,,,,OK,OK,OK,OK,OK,,,
09/28/2021,06:06:22,01509,OK,OK,OK,OK,,,,,,,,OK,OK,OK,OK,OK,,,
09/28/2021,06:05:59,01510,OK,OK,OK,OK,,,,,,,,,OK,OK,OK,OK,,,
09/28/2021,06:08:36,01511,OK,OK,OK,OK,,OK,,,,,,OK,OK,OK,OK,OK,,,
09/28/2021,06:05:31,01512,OK,OK,OK,OK,,,,,,,,,OK,OK,OK,OK,,,
09/28/2021,06:03:49,01513,OK,OK,OK,OK,,OK,,,,,,OK,OK,OK,OK,OK,,,
09/28/2021,06:31:00,01514,OK,OK,OK,OK,,,,,,,,OK,OK,OK,OK,OK,,,
09/28/2021,06:03:10,01515,OK,OK,OK,OK,,,,,,,,OK,OK,OK,OK,OK,,,
09/28/2021,06:03:12,01516,OK,OK,OK,*DOWN*,,,,,,,,OK,OK,OK,OK,OK,,,
09/28/2021,06:01:45,01517,OK,OK,OK,OK,,OK,,,,OK,OK,OK,,,OK,OK,,,
09/28/2021,06:03:10,01518,OK,OK,OK,OK,,OK,,,,,,OK,OK,OK,OK,OK,,,
09/28/2021,06:03:15,01519,OK,OK,OK,OK,,,,,,,,OK,OK,OK,OK,OK,,,
09/28/2021,06:32:19,01520,OK,OK,OK,OK,,,,,,OK,OK,OK,,,OK,OK,,,
09/28/2021,06:02:41,01521,OK,OK,OK,OK,,,,,,,,OK,OK,OK,OK,OK,,,
09/28/2021,06:03:15,01522,OK,OK,OK,OK,,,,,,,,OK,OK,*DOWN*,OK,OK,,,
09/28/2021,06:03:59,01523,OK,OK,OK,OK,,,,,,OK,*DOWN*,OK,,,OK,OK,,,
09/28/2021,06:06:09,01524,OK,OK,OK,OK,,,,,,,,OK,OK,OK,*DOWN*,OK,,,
09/28/2021,06:06:45,01525,OK,OK,OK,OK,,*DOWN*,,,,,,OK,OK,OK,OK,OK,,,
09/28/2021,06:31:39,01526,OK,OK,OK,OK,,OK,,OK,,OK,OK,OK,,,OK,OK,,,
09/28/2021,06:02:34,01527,OK,OK,OK,OK,,,,,,OK,*DOWN*,OK,,,OK,OK,,,
09/28/2021,05:58:32,01528,OK,OK,OK,OK,,OK,,,,OK,OK,OK,,,OK,OK,,,
09/28/2021,06:02:54,01529,OK,OK,OK,OK,,,,,,,,,OK,OK,OK,OK,,,
09/28/2021,06:05:21,01530,OK,OK,OK,OK,,OK,,,,,,,OK,OK,OK,OK,,,
09/28/2021,06:30:47,01531,OK,OK,OK,OK,,,,,,,,,OK,OK,OK,OK,,,
09/28/2021,06:07:12,01532,OK,OK,OK,OK,,,,,,,,OK,OK,OK,OK,OK,,,
09/28/2021,06:01:33,01533,OK,OK,OK,OK,,,,,,OK,*DOWN*,OK,,,OK,OK,,,
09/28/2021,06:03:15,01534,OK,OK,OK,OK,,OK,,,,,,OK,OK,OK,OK,OK,,,
09/28/2021,06:30:27,01535,OK,*DOWN*,OK,OK,,OK,,,,OK,OK,OK,,,OK,OK,,,
09/28/2021,06:06:37,01536,OK,OK,OK,OK,,,,,,OK,OK,OK,,,OK,OK,,,
09/28/2021,06:01:52,01537,OK,OK,OK,OK,,OK,,OK,,*DOWN*,OK,OK,,,OK,OK,,,
09/28/2021,06:05:50,01538,*DOWN*,OK,OK,OK,,OK,,,,,,,OK,OK,OK,OK,,,
09/28/2021,06:30:49,01539,OK,OK,OK,OK,,,,,,,,,OK,OK,OK,OK,,,
09/28/2021,06:03:04,01540,OK,OK,OK,OK,,,,,,,,OK,OK,OK,OK,OK,,,
09/28/2021,06:30:47,01542,OK,OK,OK,OK,,,,,,,,,OK,OK,OK,OK,,,
09/28/2021,06:01:47,01543,OK,OK,OK,OK,,OK,,,,OK,OK,OK,,,OK,OK,,,
09/28/2021,06:03:09,01544,OK,OK,OK,OK,,,,,,OK,OK,OK,,,OK,OK,,,
09/28/2021,06:03:11,01545,OK,OK,OK,OK,,,,,,,,,OK,OK,OK,OK,,,
09/28/2021,06:01:44,01546,OK,OK,*DOWN*,OK,,,,,,OK,OK,OK,,,OK,OK,,,
09/28/2021,06:05:44,01547,OK,OK,OK,OK,,OK,,,,OK,OK,*DOWN*,,,OK,OK,,,
09/28/2021,06:03:03,01549,OK,OK,OK,OK,,OK,,,,,,OK,OK,OK,OK,OK,,,
09/28/2021,06:03:15,01550,OK,OK,OK,OK,,,,,,,,OK,OK,OK,OK,OK,,,
09/28/2021,06:07:09,01551,OK,OK,OK,OK,,,,,,OK,OK,OK,,,OK,OK,,,
09/28/2021,06:07:02,01552,OK,OK,OK,OK,,,,,,,,*DOWN*,OK,OK,OK,OK,,,
09/28/2021,06:02:38,01553,OK,OK,OK,OK,,OK,,,,*DOWN*,OK,OK,,,OK,OK,,,
09/28/2021,06:06:33,01554,OK,OK,OK,OK,,,,,,OK,OK,*DOWN*,,,OK,OK,,,
09/28/2021,06:05:28,01555,OK,OK,OK,OK,,,,,,,,,OK,OK,OK,OK,,,
09/28/2021,06:03:25,01556,OK,OK,OK,OK,,OK,,,,,,OK,OK,OK,OK,OK,,,
09/28/2021,06:31:39,01557,OK,OK,OK,OK,,OK,,,,OK,OK,OK,,,OK,OK,,,
09/28/2021,06:01:59,01558,OK,OK,OK,OK,,,,,,,,,*DOWN*,OK,OK,OK,,,
09/28/2021,06:30:27,01559,OK,OK,OK,OK,,,,,,OK,OK,OK,,,OK,OK,,,
09/28/2021,06:31:34,01560,OK,OK,OK,OK,,OK,,,,OK,OK,OK,,,OK,OK,,,
09/28/2021,06:01:57,01561,OK,OK,OK,OK,,,,,,,,,OK,OK,OK,OK,,,
09/28/2021,06:30:30,01562,OK,OK,OK,OK,,,,,,OK,OK,OK,,,OK,OK,,,
09/28/2021,06:30:44,01564,OK,OK,OK,OK,,,,,,,,,OK,OK,OK,OK,,,
09/28/2021,06:06:20,01565,OK,OK,OK,OK,,,,,,OK,OK,OK,,,OK,OK,,,
09/28/2021,06:32:19,01566,OK,OK,OK,OK,,OK,,,,OK,OK,OK,,,OK,OK,,,
09/28/2021,06:06:32,01567,OK,OK,OK,OK,,,,,,*DOWN*,OK,OK,,,OK,OK,,,
09/28/2021,06:01:51,01568,*DOWN*,OK,OK,OK,,,,,,OK,OK,*DOWN*,,,OK,OK,,,
09/28/2021,06:02:24,01569,OK,OK,OK,OK,,OK,,,,,,,OK,OK,OK,OK,,,
09/28/2021,06:02:48,01570,OK,OK,OK,OK,,OK,,,,,,,OK,OK,OK,OK,,,
09/28/2021,06:31:37,01571,OK,OK,OK,OK,,OK,,,,OK,OK,OK,,,OK,OK,,,
09/28/2021,06:05:28,01573,OK,OK,OK,OK,,,,,,,,OK,OK,OK,OK,OK,,,
09/28/2021,06:06:36,01574,OK,OK,OK,OK,,,,,,OK,OK,OK,,,OK,OK,,,
09/28/2021,06:03:30,01575,OK,OK,OK,OK,,OK,,,,,,OK,OK,OK,OK,OK,,,
09/28/2021,06:30:29,01576,OK,OK,OK,OK,,,,,,OK,OK,OK,,,OK,OK,,,
09/28/2021,06:01:39,01577,OK,OK,OK,OK,,OK,,,,OK,OK,OK,,,OK,OK,,,
09/28/2021,06:07:03,01578,OK,OK,OK,OK,,,,,,OK,OK,OK,,,OK,OK,,,
09/28/2021,06:06:49,01579,OK,OK,OK,OK,,,,,,,,,OK,OK,OK,OK,,,
09/28/2021,06:02:54,01580,OK,OK,OK,OK,,,,,,,,,OK,OK,OK,OK,,,
09/28/2021,06:30:34,01582,OK,OK,OK,OK,,OK,,,,,,OK,OK,OK,OK,OK,,,
09/28/2021,06:02:54,01583,*DOWN*,OK,OK,OK,,,,,,OK,OK,OK,,,OK,OK,,,
09/28/2021,06:05:53,01585,OK,OK,OK,OK,,,,,,OK,OK,OK,,,OK,OK,,,
09/28/2021,06:03:18,01586,OK,OK,OK,OK,,OK,,,,,,OK,OK,OK,OK,OK,,,
09/28/2021,06:03:19,01587,*DOWN*,OK,OK,OK,,,,,,OK,OK,OK,,,OK,OK,,,
09/28/2021,06:03:13,01588,OK,OK,OK,OK,,,,,,,,,OK,OK,OK,OK,,,
09/28/2021,06:06:56,01589,OK,OK,OK,OK,,,,,,OK,OK,OK,,,OK,OK,,,
09/28/2021,06:31:53,01590,OK,OK,OK,OK,,OK,,OK,,OK,OK,OK,,,OK,OK,,,
09/28/2021,06:31:55,01591,OK,OK,OK,OK,,,,,,OK,OK,OK,,,OK,OK,,,
09/28/2021,06:02:50,01592,OK,OK,OK,OK,,,,,,,,,OK,OK,OK,OK,,,
09/28/2021,06:05:57,01593,OK,OK,OK,OK,,,,,,OK,OK,OK,,,OK,OK,,,
09/28/2021,06:03:07,01594,OK,OK,OK,OK,,,,,,,,,OK,OK,OK,OK,,,
09/28/2021,06:06:48,01595,OK,OK,OK,OK,,,,,,OK,OK,OK,,,OK,OK,,,
09/28/2021,06:06:54,01596,OK,OK,OK,OK,,OK,,,,OK,OK,OK,,,OK,OK,,,
09/28/2021,06:03:02,01597,OK,OK,OK,OK,,OK,,,,,,,OK,OK,OK,OK,,,
09/28/2021,06:06:40,01598,*DOWN*,OK,OK,OK,,,,,,OK,OK,OK,,,OK,OK,,,
09/28/2021,06:30:27,01599,OK,OK,OK,OK,,,,,,,,OK,OK,OK,OK,OK,,,
09/28/2021,06:31:45,01600,OK,OK,OK,OK,,OK,,,,OK,OK,OK,,,OK,OK,,,
09/28/2021,06:06:53,01601,OK,OK,OK,OK,,,,,,OK,OK,OK,,,OK,OK,,,
09/28/2021,06:03:15,01602,OK,OK,OK,OK,,OK,,,,,,OK,OK,OK,OK,OK,,,
09/28/2021,06:06:32,01603,OK,OK,OK,OK,,OK,,,,OK,OK,OK,,,OK,OK,,,
09/28/2021,06:06:19,01604,OK,OK,OK,OK,,OK,,,,OK,OK,OK,,,OK,OK,,,
09/28/2021,06:08:51,01605,OK,OK,OK,OK,,,,,,OK,OK,OK,,,OK,OK,,,
09/28/2021,06:06:56,01606,*DOWN*,OK,OK,OK,,,,,,,,OK,OK,OK,OK,OK,,,
09/28/2021,06:30:54,01607,OK,OK,OK,OK,,,,,,,,OK,OK,OK,OK,OK,,,
09/28/2021,06:01:37,01608,OK,OK,OK,OK,,OK,,,,OK,OK,OK,,,OK,OK,,,
09/28/2021,06:07:08,01609,OK,OK,OK,OK,,,,,,,,OK,OK,OK,OK,OK,,,
09/28/2021,06:02:41,01610,OK,OK,OK,OK,,OK,,,,OK,OK,OK,,,OK,OK,,,
09/28/2021,06:02:46,01611,OK,OK,OK,OK,,OK,,OK,,OK,OK,OK,,,OK,*DOWN*,,,
09/28/2021,06:31:44,01612,OK,OK,OK,OK,,OK,,,,OK,OK,OK,,,OK,OK,,,
09/28/2021,06:01:48,01613,OK,OK,OK,OK,,OK,,OK,,OK,OK,OK,,,OK,OK,,,
09/28/2021,06:03:14,01614,OK,OK,OK,OK,,OK,,,,,,OK,OK,OK,OK,OK,,,
09/28/2021,06:03:13,01615,OK,*DOWN*,OK,OK,,OK,,,,,,OK,OK,OK,OK,OK,,,
09/28/2021,06:03:02,01616,OK,OK,OK,OK,,,,,,,,,OK,OK,OK,OK,,,
09/28/2021,06:05:39,01617,OK,OK,OK,OK,,,,,,,,OK,OK,OK,OK,OK,,,
09/28/2021,05:58:32,01618,*DOWN*,OK,OK,OK,,OK,,,,OK,OK,OK,,,OK,OK,,,
09/28/2021,06:32:03,01619,OK,OK,OK,OK,,OK,,,,,,,OK,OK,OK,OK,OK,,
09/28/2021,06:07:02,01620,OK,OK,OK,OK,,OK,,,,,,OK,OK,OK,OK,OK,,,
09/28/2021,06:06:32,01621,OK,OK,OK,OK,,,,,,,,OK,OK,OK,OK,OK,,,
09/28/2021,06:32:13,01622,OK,OK,OK,OK,,OK,,,,,,OK,OK,OK,OK,OK,,,
09/28/2021,05:58:35,01623,OK,OK,OK,OK,,OK,,,,,,OK,OK,OK,OK,OK,,,
09/28/2021,06:31:59,01624,OK,OK,OK,OK,,OK,,,,,,OK,OK,OK,OK,OK,,,
09/28/2021,06:02:52,01625,OK,OK,OK,OK,,OK,,,,,,OK,OK,OK,OK,OK,,,
09/28/2021,06:01:52,01626,OK,OK,OK,OK,,,,,,,,OK,OK,OK,OK,OK,,,
09/28/2021,06:02:18,01627,OK,OK,OK,OK,,,,,,,,OK,OK,OK,OK,OK,,,
09/28/2021,05:58:29,01628,OK,OK,OK,OK,,OK,,,,,,,OK,OK,OK,OK,,,
09/28/2021,06:07:18,01629,OK,*DOWN*,OK,OK,,,,,,,,OK,OK,OK,OK,OK,,,
09/28/2021,06:05:42,01630,OK,*DOWN*,OK,OK,,OK,,OK,,,,,OK,OK,OK,OK,,,
09/28/2021,06:03:17,01631,*DOWN*,OK,OK,OK,,OK,,,,,,OK,OK,OK,OK,OK,,,
09/28/2021,06:06:09,01632,OK,OK,OK,OK,,OK,,OK,,,,,OK,OK,OK,OK,,,
09/28/2021,06:06:17,01633,OK,OK,OK,OK,,OK,,OK,,,,,OK,OK,OK,OK,,,
09/28/2021,06:31:48,01634,OK,OK,OK,OK,,,,,,,,OK,OK,OK,OK,OK,,,
09/28/2021,06:31:18,01635,OK,OK,OK,OK,,,,,,,,OK,OK,OK,OK,OK,,,
09/28/2021,06:32:03,01636,OK,OK,OK,OK,,OK,,,,OK,OK,OK,,,OK,OK,,,
09/28/2021,06:31:34,01637,OK,OK,OK,OK,,OK,,,,,,OK,OK,OK,OK,OK,,,
09/28/2021,06:31:17,01638,OK,OK,OK,OK,,OK,,OK,,,,OK,OK,OK,OK,OK,,,
09/28/2021,06:07:12,01639,OK,OK,OK,OK,,OK,,OK,,,,OK,OK,OK,OK,OK,,,
09/28/2021,06:07:05,01640,OK,*DOWN*,OK,OK,,OK,,OK,,,,OK,OK,OK,OK,OK,,,
09/28/2021,06:02:27,01641,OK,OK,OK,OK,,OK,,OK,,,,OK,OK,OK,OK,OK,,,
09/28/2021,06:02:35,01642,OK,OK,OK,OK,,OK,,OK,,,,OK,OK,OK,OK,OK,,,
09/28/2021,06:07:16,01643,OK,OK,OK,OK,,OK,,OK,,,,OK,OK,OK,OK,OK,,,
09/28/2021,06:03:14,01644,OK,OK,OK,OK,,OK,,OK,,,,OK,OK,OK,OK,OK,,,
09/28/2021,06:05:33,01645,OK,OK,OK,OK,,OK,,OK,,,,OK,OK,OK,OK,OK,,,
09/28/2021,06:07:08,01646,OK,OK,OK,OK,,OK,,OK,,,,OK,OK,OK,OK,OK,,,
09/28/2021,06:05:37,01647,OK,OK,OK,OK,,OK,,OK,,,,OK,OK,OK,OK,OK,,,
09/28/2021,06:05:24,01648,OK,OK,OK,OK,,OK,,OK,,,,OK,OK,OK,OK,OK,,,
09/28/2021,06:03:11,01649,OK,OK,OK,OK,,OK,,OK,,,,OK,OK,OK,OK,OK,,,
09/28/2021,06:01:37,01650,OK,OK,OK,OK,,OK,,OK,,,,OK,OK,OK,OK,OK,,,
09/28/2021,05:58:37,01651,OK,OK,OK,OK,,,,,,OK,OK,OK,,,OK,OK,,,
09/28/2021,06:07:04,01652,OK,*DOWN*,OK,OK,,OK,,,,,,OK,OK,OK,OK,OK,,,
09/28/2021,06:05:05,01653,OK,OK,OK,OK,,OK,,OK,,,,,OK,OK,OK,OK,,,
09/28/2021,06:31:34,01654,OK,OK,OK,OK,,OK,,,,OK,OK,OK,,,OK,OK,,,
09/28/2021,06:31:01,01655,OK,OK,OK,OK,,OK,,OK,,,,OK,OK,OK,OK,OK,,,
09/28/2021,06:07:02,01656,OK,OK,OK,OK,,OK,,OK,,,,OK,OK,*DOWN*,OK,OK,,,
09/28/2021,06:07:19,01657,OK,OK,OK,OK,,OK,,OK,,,,OK,OK,OK,OK,OK,,,
09/28/2021,06:07:07,01658,OK,OK,OK,OK,,OK,,OK,,,,OK,OK,OK,OK,OK,,,
09/28/2021,06:03:06,01659,OK,*DOWN*,OK,OK,,OK,,OK,,,,OK,OK,OK,OK,OK,,,
09/28/2021,06:07:18,01660,OK,OK,OK,OK,,OK,,OK,,,,*DOWN*,OK,OK,OK,OK,,,
09/28/2021,06:07:06,01661,OK,OK,OK,OK,,OK,,OK,,,,OK,OK,OK,OK,OK,,,
09/28/2021,06:05:10,01662,OK,OK,OK,OK,,OK,,OK,,,,OK,OK,OK,OK,OK,,,
09/28/2021,06:31:35,01663,OK,OK,OK,OK,,OK,,,,OK,OK,OK,,,OK,OK,,,
09/28/2021,06:01:49,01664,OK,OK,OK,OK,,OK,,OK,,,,OK,OK,OK,OK,OK,,,
09/28/2021,06:06:39,01665,OK,OK,OK,OK,,,,,,,,OK,OK,OK,OK,OK,,,
09/28/2021,06:30:29,01666,OK,OK,OK,OK,,OK,,,,OK,OK,,OK,OK,OK,OK,OK,,
09/28/2021,06:06:13,01667,OK,OK,OK,OK,,OK,,OK,,OK,OK,,OK,OK,OK,OK,OK,,
